"Reporting starts","Reporting ends","Campaign name","Time of day (viewer's time zone)","Campaign Delivery","Ad set budget","Ad set budget type","Amount spent (USD)","Attribution setting","CPM (cost per 1,000 impressions) (USD)",Impressions,Frequency,Reach,"CTR (Link)","Link clicks",Results,"Result indicator","Cost per results",Ends
2025-04-01,2025-09-17,US-Columbus-SignUp-EN-OCT2025-Target,"00:00:00 - 00:59:59",inactive,10,Daily,21.355371,"7-day click or 1-day view",5.907433,3615,1.228338,2943,0.0395574,143,,,,2025-10-26
2025-04-01,2025-09-17,IG_US_Columbus_OCT28_7PM_C25_W_LPViews_EN_Feed_8-2-2025,"00:00:00 - 00:59:59",inactive,30,Daily,37.723531,"7-day click or 1-day view",10.902755,3460,1.13294,3054,0.0300578,104,,,,Ongoing
2025-04-01,2025-09-17,FB_US_Columbus_OCT28_7PM_C25_W_LPViews_EN_Feed_8-2-2025,"00:00:00 - 00:59:59",inactive,30,Daily,43.832317,"7-day click or 1-day view",11.525721,3803,1.086882,3499,0.05811202,221,,,,Ongoing
2025-04-01,2025-09-17,FB_US_Columbus_CMH_1028_7PM_C25_W_LPViews_EN_Feed_9-3-2025,"00:00:00 - 00:59:59",inactive,"Using ad set budget",0,8.613864,"7-day click or 1-day view",8.172546,1054,1.052947,1001,0.07495256,79,,,,Ongoing
2025-04-01,2025-09-17,IG_US_Columbus_CMH_1028_7PM_C25_W_LPViews_EN_Feed_9-3-2025,"00:00:00 - 00:59:59",inactive,"Using ad set budget",0,12.073527,"7-day click or 1-day view",8.437125,1431,1.138425,1257,0.02096436,30,,,,Ongoing
2025-04-01,2025-09-17,US-Columbus-SignUp-EN-OCT2025-Target,"01:00:00 - 01:59:59",inactive,10,Daily,9.442375,"7-day click or 1-day view",6.119491,1543,1.126277,1370,0.04406999,68,,,,2025-10-26
2025-04-01,2025-09-17,IG_US_Columbus_OCT28_7PM_C25_W_LPViews_EN_Feed_8-2-2025,"01:00:00 - 01:59:59",inactive,30,Daily,23.892236,"7-day click or 1-day view",11.632053,2054,1.120567,1833,0.03602726,74,,,,Ongoing
2025-04-01,2025-09-17,FB_US_Columbus_OCT28_7PM_C25_W_LPViews_EN_Feed_8-2-2025,"01:00:00 - 01:59:59",inactive,30,Daily,31.631672,"7-day click or 1-day view",13.201866,2396,1.103131,2172,0.05258765,126,,,,Ongoing
2025-04-01,2025-09-17,FB_US_Columbus_CMH_1028_7PM_C25_W_LPViews_EN_Feed_9-3-2025,"01:00:00 - 01:59:59",inactive,"Using ad set budget",0,4.462002,"7-day click or 1-day view",7.939504,562,1.052434,534,0.05871886,33,,,,Ongoing
2025-04-01,2025-09-17,IG_US_Columbus_CMH_1028_7PM_C25_W_LPViews_EN_Feed_9-3-2025,"01:00:00 - 01:59:59",inactive,"Using ad set budget",0,7.062063,"7-day click or 1-day view",8.025071,880,1.108312,794,0.02159091,19,,,,Ongoing
2025-04-01,2025-09-17,US-Columbus-SignUp-EN-OCT2025-Target,"02:00:00 - 02:59:59",inactive,10,Daily,3.830964,"7-day click or 1-day view",5.512178,695,1.074189,647,0.04316547,30,,,,2025-10-26
2025-04-01,2025-09-17,IG_US_Columbus_OCT28_7PM_C25_W_LPViews_EN_Feed_8-2-2025,"02:00:00 - 02:59:59",inactive,30,Daily,17.781664,"7-day click or 1-day view",12.774184,1392,1.106518,1258,0.04454023,62,,,,Ongoing
2025-04-01,2025-09-17,FB_US_Columbus_OCT28_7PM_C25_W_LPViews_EN_Feed_8-2-2025,"02:00:00 - 02:59:59",inactive,30,Daily,30.671621,"7-day click or 1-day view",14.366099,2135,1.109091,1925,0.04777518,102,,,,Ongoing
2025-04-01,2025-09-17,FB_US_Columbus_CMH_1028_7PM_C25_W_LPViews_EN_Feed_9-3-2025,"02:00:00 - 02:59:59",inactive,"Using ad set budget",0,3.681651,"7-day click or 1-day view",8.979638,410,1.099196,373,0.07073171,29,,,,Ongoing
2025-04-01,2025-09-17,IG_US_Columbus_CMH_1028_7PM_C25_W_LPViews_EN_Feed_9-3-2025,"02:00:00 - 02:59:59",inactive,"Using ad set budget",0,5.831703,"7-day click or 1-day view",10.56468,552,1.088757,507,0.01630435,9,,,,Ongoing
2025-04-01,2025-09-17,US-Columbus-SignUp-EN-OCT2025-Target,"03:00:00 - 03:59:59",inactive,10,Daily,7.621917,"7-day click or 1-day view",5.475515,1392,1.165829,1194,0.04238506,59,,,,2025-10-26
2025-04-01,2025-09-17,IG_US_Columbus_OCT28_7PM_C25_W_LPViews_EN_Feed_8-2-2025,"03:00:00 - 03:59:59",inactive,30,Daily,27.432568,"7-day click or 1-day view",14.860546,1846,1.103407,1673,0.03304442,61,,,,Ongoing
2025-04-01,2025-09-17,FB_US_Columbus_OCT28_7PM_C25_W_LPViews_EN_Feed_8-2-2025,"03:00:00 - 03:59:59",inactive,30,Daily,51.062699,"7-day click or 1-day view",17.015228,3001,1.156901,2594,0.05998001,180,,,,Ongoing
2025-04-01,2025-09-17,FB_US_Columbus_CMH_1028_7PM_C25_W_LPViews_EN_Feed_9-3-2025,"03:00:00 - 03:59:59",inactive,"Using ad set budget",0,10.234591,"7-day click or 1-day view",9.380927,1091,1.11213,981,0.04766269,52,,,,Ongoing
2025-04-01,2025-09-17,IG_US_Columbus_CMH_1028_7PM_C25_W_LPViews_EN_Feed_9-3-2025,"03:00:00 - 03:59:59",inactive,"Using ad set budget",0,10.252995,"7-day click or 1-day view",21.955021,467,1.144608,408,0.01070664,5,,,,Ongoing
2025-04-01,2025-09-17,US-Columbus-SignUp-EN-OCT2025-Target,"04:00:00 - 04:59:59",inactive,10,Daily,6.631668,"7-day click or 1-day view",5.979863,1109,1.132789,979,0.04238052,47,,,,2025-10-26
2025-04-01,2025-09-17,IG_US_Columbus_OCT28_7PM_C25_W_LPViews_EN_Feed_8-2-2025,"04:00:00 - 04:59:59",inactive,30,Daily,12.961213,"7-day click or 1-day view",14.180758,914,1.05421,867,0.03938731,36,,,,Ongoing
2025-04-01,2025-09-17,FB_US_Columbus_OCT28_7PM_C25_W_LPViews_EN_Feed_8-2-2025,"04:00:00 - 04:59:59",inactive,30,Daily,14.500766,"7-day click or 1-day view",13.063754,1110,1.126904,985,0.06126126,68,,,,Ongoing
2025-04-01,2025-09-17,FB_US_Columbus_CMH_1028_7PM_C25_W_LPViews_EN_Feed_9-3-2025,"04:00:00 - 04:59:59",inactive,"Using ad set budget",0,4.59206,"7-day click or 1-day view",8.000104,574,1.080979,531,0.08536585,49,,,,Ongoing
2025-04-01,2025-09-17,IG_US_Columbus_CMH_1028_7PM_C25_W_LPViews_EN_Feed_9-3-2025,"04:00:00 - 04:59:59",inactive,"Using ad set budget",0,3.501023,"7-day click or 1-day view",9.834333,356,1.123028,317,0.01966292,7,,,,Ongoing
2025-04-01,2025-09-17,US-Columbus-SignUp-EN-OCT2025-Target,"05:00:00 - 05:59:59",inactive,10,Daily,8.042023,"7-day click or 1-day view",5.631669,1428,1.149758,1242,0.04271709,61,,,,2025-10-26
2025-04-01,2025-09-17,IG_US_Columbus_OCT28_7PM_C25_W_LPViews_EN_Feed_8-2-2025,"05:00:00 - 05:59:59",inactive,30,Daily,16.481543,"7-day click or 1-day view",13.465313,1224,1.060659,1154,0.05555556,68,,,,Ongoing
2025-04-01,2025-09-17,FB_US_Columbus_OCT28_7PM_C25_W_LPViews_EN_Feed_8-2-2025,"05:00:00 - 05:59:59",inactive,30,Daily,25.641355,"7-day click or 1-day view",12.92407,1984,1.134362,1749,0.06552419,130,,,,Ongoing
2025-04-01,2025-09-17,FB_US_Columbus_CMH_1028_7PM_C25_W_LPViews_EN_Feed_9-3-2025,"05:00:00 - 05:59:59",inactive,"Using ad set budget",0,6.53293,"7-day click or 1-day view",7.5438,866,1.121762,772,0.08083141,70,,,,Ongoing
2025-04-01,2025-09-17,IG_US_Columbus_CMH_1028_7PM_C25_W_LPViews_EN_Feed_9-3-2025,"05:00:00 - 05:59:59",inactive,"Using ad set budget",0,4.4513,"7-day click or 1-day view",8.710959,511,1.123077,455,0.01174168,6,,,,Ongoing
2025-04-01,2025-09-17,US-Columbus-SignUp-EN-OCT2025-Target,"06:00:00 - 06:59:59",inactive,10,Daily,12.413122,"7-day click or 1-day view",5.629534,2205,1.214876,1815,0.04217687,93,,,,2025-10-26
2025-04-01,2025-09-17,IG_US_Columbus_OCT28_7PM_C25_W_LPViews_EN_Feed_8-2-2025,"06:00:00 - 06:59:59",inactive,30,Daily,27.752598,"7-day click or 1-day view",13.72532,2022,1.053125,1920,0.05637982,114,,,,Ongoing
2025-04-01,2025-09-17,FB_US_Columbus_OCT28_7PM_C25_W_LPViews_EN_Feed_8-2-2025,"06:00:00 - 06:59:59",inactive,30,Daily,44.832369,"7-day click or 1-day view",12.436164,3605,1.175416,3067,0.05742025,207,,,,Ongoing
2025-04-01,2025-09-17,FB_US_Columbus_CMH_1028_7PM_C25_W_LPViews_EN_Feed_9-3-2025,"06:00:00 - 06:59:59",inactive,"Using ad set budget",0,12.045403,"7-day click or 1-day view",8.805119,1368,1.160305,1179,0.07967836,109,,,,Ongoing
2025-04-01,2025-09-17,IG_US_Columbus_CMH_1028_7PM_C25_W_LPViews_EN_Feed_9-3-2025,"06:00:00 - 06:59:59",inactive,"Using ad set budget",0,10.673118,"7-day click or 1-day view",12.497796,854,1.165075,733,0.00936768,8,,,,Ongoing
2025-04-01,2025-09-17,US-Columbus-SignUp-EN-OCT2025-Target,"07:00:00 - 07:59:59",inactive,10,Daily,18.384624,"7-day click or 1-day view",5.795909,3172,1.176122,2697,0.04224464,134,,,,2025-10-26
2025-04-01,2025-09-17,IG_US_Columbus_OCT28_7PM_C25_W_LPViews_EN_Feed_8-2-2025,"07:00:00 - 07:59:59",inactive,30,Daily,34.663245,"7-day click or 1-day view",13.095295,2647,1.139966,2322,0.04193427,111,,,,Ongoing
2025-04-01,2025-09-17,FB_US_Columbus_OCT28_7PM_C25_W_LPViews_EN_Feed_8-2-2025,"07:00:00 - 07:59:59",inactive,30,Daily,39.852106,"7-day click or 1-day view",12.109422,3291,1.120531,2937,0.05986022,197,,,,Ongoing
2025-04-01,2025-09-17,FB_US_Columbus_CMH_1028_7PM_C25_W_LPViews_EN_Feed_9-3-2025,"07:00:00 - 07:59:59",inactive,"Using ad set budget",0,15.386902,"7-day click or 1-day view",8.245928,1866,1.205426,1548,0.07073955,132,,,,Ongoing
2025-04-01,2025-09-17,IG_US_Columbus_CMH_1028_7PM_C25_W_LPViews_EN_Feed_9-3-2025,"07:00:00 - 07:59:59",inactive,"Using ad set budget",0,13.183851,"7-day click or 1-day view",10.471685,1259,1.145587,1099,0.02144559,27,,,,Ongoing
2025-04-01,2025-09-17,US-Columbus-SignUp-EN-OCT2025-Target,"08:00:00 - 08:59:59",inactive,10,Daily,20.865248,"7-day click or 1-day view",5.619512,3713,1.192357,3114,0.04174522,155,,,,2025-10-26
2025-04-01,2025-09-17,IG_US_Columbus_OCT28_7PM_C25_W_LPViews_EN_Feed_8-2-2025,"08:00:00 - 08:59:59",inactive,30,Daily,26.942522,"7-day click or 1-day view",12.081848,2230,1.11333,2003,0.03766816,84,,,,Ongoing
2025-04-01,2025-09-17,FB_US_Columbus_OCT28_7PM_C25_W_LPViews_EN_Feed_8-2-2025,"08:00:00 - 08:59:59",inactive,30,Daily,33.511771,"7-day click or 1-day view",12.471817,2687,1.120517,2398,0.07145515,192,,,,Ongoing
2025-04-01,2025-09-17,FB_US_Columbus_CMH_1028_7PM_C25_W_LPViews_EN_Feed_9-3-2025,"08:00:00 - 08:59:59",inactive,"Using ad set budget",0,20.749307,"7-day click or 1-day view",10.474158,1981,1.135244,1745,0.07773852,154,,,,Ongoing
2025-04-01,2025-09-17,IG_US_Columbus_CMH_1028_7PM_C25_W_LPViews_EN_Feed_9-3-2025,"08:00:00 - 08:59:59",inactive,"Using ad set budget",0,14.064108,"7-day click or 1-day view",9.483552,1483,1.182616,1254,0.02157788,32,,,,Ongoing
2025-04-01,2025-09-17,US-Columbus-SignUp-EN-OCT2025-Target,"09:00:00 - 09:59:59",inactive,10,Daily,20.965273,"7-day click or 1-day view",5.65559,3707,1.209856,3064,0.04316159,160,,,,2025-10-26
2025-04-01,2025-09-17,IG_US_Columbus_OCT28_7PM_C25_W_LPViews_EN_Feed_8-2-2025,"09:00:00 - 09:59:59",inactive,30,Daily,26.39247,"7-day click or 1-day view",11.947701,2209,1.080724,2044,0.03576279,79,,,,Ongoing
2025-04-01,2025-09-17,FB_US_Columbus_OCT28_7PM_C25_W_LPViews_EN_Feed_8-2-2025,"09:00:00 - 09:59:59",inactive,30,Daily,28.291495,"7-day click or 1-day view",12.210399,2317,1.086773,2132,0.07121278,165,,,,Ongoing
2025-04-01,2025-09-17,FB_US_Columbus_CMH_1028_7PM_C25_W_LPViews_EN_Feed_9-3-2025,"09:00:00 - 09:59:59",inactive,"Using ad set budget",0,19.428715,"7-day click or 1-day view",10.866172,1788,1.2,1490,0.05704698,102,,,,Ongoing
2025-04-01,2025-09-17,IG_US_Columbus_CMH_1028_7PM_C25_W_LPViews_EN_Feed_9-3-2025,"09:00:00 - 09:59:59",inactive,"Using ad set budget",0,16.134713,"7-day click or 1-day view",11.212448,1439,1.139351,1263,0.01876303,27,,,,Ongoing
2025-04-01,2025-09-17,US-Columbus-SignUp-EN-OCT2025-Target,"10:00:00 - 10:59:59",inactive,10,Daily,19.544916,"7-day click or 1-day view",5.724931,3414,1.197055,2852,0.03778559,129,,,,2025-10-26
2025-04-01,2025-09-17,IG_US_Columbus_OCT28_7PM_C25_W_LPViews_EN_Feed_8-2-2025,"10:00:00 - 10:59:59",inactive,30,Daily,21.922052,"7-day click or 1-day view",11.111025,1973,1.10905,1779,0.0299037,59,,,,Ongoing
2025-04-01,2025-09-17,FB_US_Columbus_OCT28_7PM_C25_W_LPViews_EN_Feed_8-2-2025,"10:00:00 - 10:59:59",inactive,30,Daily,16.690882,"7-day click or 1-day view",11.315852,1475,1.079795,1366,0.05559322,82,,,,Ongoing
2025-04-01,2025-09-17,FB_US_Columbus_CMH_1028_7PM_C25_W_LPViews_EN_Feed_9-3-2025,"10:00:00 - 10:59:59",inactive,"Using ad set budget",0,16.067207,"7-day click or 1-day view",11.322909,1419,1.133387,1252,0.06553911,93,,,,Ongoing
2025-04-01,2025-09-17,IG_US_Columbus_CMH_1028_7PM_C25_W_LPViews_EN_Feed_9-3-2025,"10:00:00 - 10:59:59",inactive,"Using ad set budget",0,11.9835,"7-day click or 1-day view",8.00501,1497,1.124718,1331,0.02137609,32,,,,Ongoing
2025-04-01,2025-09-17,US-Columbus-SignUp-EN-OCT2025-Target,"11:00:00 - 11:59:59",inactive,10,Daily,16.654189,"7-day click or 1-day view",5.270313,3160,1.202435,2628,0.03924051,124,,,,2025-10-26
2025-04-01,2025-09-17,IG_US_Columbus_OCT28_7PM_C25_W_LPViews_EN_Feed_8-2-2025,"11:00:00 - 11:59:59",inactive,30,Daily,22.912145,"7-day click or 1-day view",10.367486,2210,1.078575,2049,0.03891403,86,,,,Ongoing
2025-04-01,2025-09-17,FB_US_Columbus_OCT28_7PM_C25_W_LPViews_EN_Feed_8-2-2025,"11:00:00 - 11:59:59",inactive,30,Daily,15.270807,"7-day click or 1-day view",11.370668,1343,1.090097,1232,0.05063291,68,,,,Ongoing
2025-04-01,2025-09-17,FB_US_Columbus_CMH_1028_7PM_C25_W_LPViews_EN_Feed_9-3-2025,"11:00:00 - 11:59:59",inactive,"Using ad set budget",0,14.006283,"7-day click or 1-day view",11.48056,1220,1.140187,1070,0.05491803,67,,,,Ongoing
2025-04-01,2025-09-17,IG_US_Columbus_CMH_1028_7PM_C25_W_LPViews_EN_Feed_9-3-2025,"11:00:00 - 11:59:59",inactive,"Using ad set budget",0,11.753433,"7-day click or 1-day view",8.63588,1361,1.126656,1208,0.01542983,21,,,,Ongoing
2025-04-01,2025-09-17,US-Columbus-SignUp-EN-OCT2025-Target,"12:00:00 - 12:59:59",inactive,10,Daily,18.854742,"7-day click or 1-day view",5.571732,3384,1.14673,2951,0.04403073,149,,,,2025-10-26
2025-04-01,2025-09-17,IG_US_Columbus_OCT28_7PM_C25_W_LPViews_EN_Feed_8-2-2025,"12:00:00 - 12:59:59",inactive,30,Daily,24.082254,"7-day click or 1-day view",10.882175,2213,1.080039,2049,0.03705377,82,,,,Ongoing
2025-04-01,2025-09-17,FB_US_Columbus_OCT28_7PM_C25_W_LPViews_EN_Feed_8-2-2025,"12:00:00 - 12:59:59",inactive,30,Daily,18.210962,"7-day click or 1-day view",10.448057,1743,1.070639,1628,0.08032129,140,,,,Ongoing
2025-04-01,2025-09-17,FB_US_Columbus_CMH_1028_7PM_C25_W_LPViews_EN_Feed_9-3-2025,"12:00:00 - 12:59:59",inactive,"Using ad set budget",0,13.506058,"7-day click or 1-day view",10.004488,1350,1.11755,1208,0.0637037,86,,,,Ongoing
2025-04-01,2025-09-17,IG_US_Columbus_CMH_1028_7PM_C25_W_LPViews_EN_Feed_9-3-2025,"12:00:00 - 12:59:59",inactive,"Using ad set budget",0,13.143839,"7-day click or 1-day view",10.844752,1212,1.135895,1067,0.01732673,21,,,,Ongoing
2025-04-01,2025-09-17,US-Columbus-SignUp-EN-OCT2025-Target,"13:00:00 - 13:59:59",inactive,10,Daily,19.734964,"7-day click or 1-day view",5.721938,3449,1.142053,3020,0.04581038,158,,,,2025-10-26
2025-04-01,2025-09-17,IG_US_Columbus_OCT28_7PM_C25_W_LPViews_EN_Feed_8-2-2025,"13:00:00 - 13:59:59",inactive,30,Daily,25.722408,"7-day click or 1-day view",11.27187,2282,1.113714,2049,0.04250657,97,,,,Ongoing
2025-04-01,2025-09-17,FB_US_Columbus_OCT28_7PM_C25_W_LPViews_EN_Feed_8-2-2025,"13:00:00 - 13:59:59",inactive,30,Daily,26.091379,"7-day click or 1-day view",11.112172,2348,1.110165,2115,0.06686542,157,,,,Ongoing
2025-04-01,2025-09-17,FB_US_Columbus_CMH_1028_7PM_C25_W_LPViews_EN_Feed_9-3-2025,"13:00:00 - 13:59:59",inactive,"Using ad set budget",0,11.855318,"7-day click or 1-day view",7.924678,1496,1.132475,1321,0.06885027,103,,,,Ongoing
2025-04-01,2025-09-17,IG_US_Columbus_CMH_1028_7PM_C25_W_LPViews_EN_Feed_9-3-2025,"13:00:00 - 13:59:59",inactive,"Using ad set budget",0,12.543664,"7-day click or 1-day view",10.075232,1245,1.111607,1120,0.02570281,32,,,,Ongoing
2025-04-01,2025-09-17,US-Columbus-SignUp-EN-OCT2025-Target,"14:00:00 - 14:59:59",inactive,10,Daily,21.365374,"7-day click or 1-day view",5.652215,3780,1.178672,3207,0.0462963,175,,,,2025-10-26
2025-04-01,2025-09-17,IG_US_Columbus_OCT28_7PM_C25_W_LPViews_EN_Feed_8-2-2025,"14:00:00 - 14:59:59",inactive,30,Daily,28.262646,"7-day click or 1-day view",11.382459,2483,1.099646,2258,0.03262183,81,,,,Ongoing
2025-04-01,2025-09-17,FB_US_Columbus_OCT28_7PM_C25_W_LPViews_EN_Feed_8-2-2025,"14:00:00 - 14:59:59",inactive,30,Daily,28.871526,"7-day click or 1-day view",11.286758,2558,1.065389,2401,0.06333073,162,,,,Ongoing
2025-04-01,2025-09-17,FB_US_Columbus_CMH_1028_7PM_C25_W_LPViews_EN_Feed_9-3-2025,"14:00:00 - 14:59:59",inactive,"Using ad set budget",0,12.745717,"7-day click or 1-day view",8.139028,1566,1.113006,1407,0.06449553,101,,,,Ongoing
2025-04-01,2025-09-17,IG_US_Columbus_CMH_1028_7PM_C25_W_LPViews_EN_Feed_9-3-2025,"14:00:00 - 14:59:59",inactive,"Using ad set budget",0,13.984085,"7-day click or 1-day view",10.435884,1340,1.105611,1212,0.0261194,35,,,,Ongoing
2025-04-01,2025-09-17,US-Columbus-SignUp-EN-OCT2025-Target,"15:00:00 - 15:59:59",inactive,10,Daily,24.886259,"7-day click or 1-day view",5.767383,4315,1.188378,3631,0.04449594,192,,,,2025-10-26
2025-04-01,2025-09-17,IG_US_Columbus_OCT28_7PM_C25_W_LPViews_EN_Feed_8-2-2025,"15:00:00 - 15:59:59",inactive,30,Daily,31.602958,"7-day click or 1-day view",11.073216,2854,1.061361,2689,0.04204625,120,,,,Ongoing
2025-04-01,2025-09-17,FB_US_Columbus_OCT28_7PM_C25_W_LPViews_EN_Feed_8-2-2025,"15:00:00 - 15:59:59",inactive,30,Daily,30.591617,"7-day click or 1-day view",11.539652,2651,1.083367,2447,0.07167107,190,,,,Ongoing
2025-04-01,2025-09-17,FB_US_Columbus_CMH_1028_7PM_C25_W_LPViews_EN_Feed_9-3-2025,"15:00:00 - 15:59:59",inactive,"Using ad set budget",0,14.436476,"7-day click or 1-day view",8.273052,1745,1.114304,1566,0.06189112,108,,,,Ongoing
2025-04-01,2025-09-17,IG_US_Columbus_CMH_1028_7PM_C25_W_LPViews_EN_Feed_9-3-2025,"15:00:00 - 15:59:59",inactive,"Using ad set budget",0,13.533953,"7-day click or 1-day view",9.557877,1416,1.103663,1283,0.01624294,23,,,,Ongoing
2025-04-01,2025-09-17,US-Columbus-SignUp-EN-OCT2025-Target,"16:00:00 - 16:59:59",inactive,10,Daily,26.976785,"7-day click or 1-day view",5.656696,4769,1.195238,3990,0.0421472,201,,,,2025-10-26
2025-04-01,2025-09-17,IG_US_Columbus_OCT28_7PM_C25_W_LPViews_EN_Feed_8-2-2025,"16:00:00 - 16:59:59",inactive,30,Daily,45.164228,"7-day click or 1-day view",11.592461,3896,1.078627,3612,0.03850103,150,,,,Ongoing
2025-04-01,2025-09-17,FB_US_Columbus_OCT28_7PM_C25_W_LPViews_EN_Feed_8-2-2025,"16:00:00 - 16:59:59",inactive,30,Daily,42.362239,"7-day click or 1-day view",11.780378,3596,1.095006,3284,0.07063404,254,,,,Ongoing
2025-04-01,2025-09-17,FB_US_Columbus_CMH_1028_7PM_C25_W_LPViews_EN_Feed_9-3-2025,"16:00:00 - 16:59:59",inactive,"Using ad set budget",0,13.115883,"7-day click or 1-day view",7.82104,1677,1.102564,1521,0.07274896,122,,,,Ongoing
2025-04-01,2025-09-17,IG_US_Columbus_CMH_1028_7PM_C25_W_LPViews_EN_Feed_9-3-2025,"16:00:00 - 16:59:59",inactive,"Using ad set budget",0,15.184435,"7-day click or 1-day view",10.075936,1507,1.10972,1358,0.01393497,21,,,,Ongoing
2025-04-01,2025-09-17,US-Columbus-SignUp-EN-OCT2025-Target,"17:00:00 - 17:59:59",inactive,10,Daily,31.808,"7-day click or 1-day view",5.663818,5616,1.213745,4627,0.04220085,237,,,,2025-10-26
2025-04-01,2025-09-17,IG_US_Columbus_OCT28_7PM_C25_W_LPViews_EN_Feed_8-2-2025,"17:00:00 - 17:59:59",inactive,30,Daily,52.474912,"7-day click or 1-day view",11.449904,4583,1.138634,4025,0.0469125,215,,,,Ongoing
2025-04-01,2025-09-17,FB_US_Columbus_OCT28_7PM_C25_W_LPViews_EN_Feed_8-2-2025,"17:00:00 - 17:59:59",inactive,30,Daily,51.412717,"7-day click or 1-day view",10.693161,4808,1.141772,4211,0.06593178,317,,,,Ongoing
2025-04-01,2025-09-17,FB_US_Columbus_CMH_1028_7PM_C25_W_LPViews_EN_Feed_9-3-2025,"17:00:00 - 17:59:59",inactive,"Using ad set budget",0,13.215928,"7-day click or 1-day view",7.852601,1683,1.102161,1527,0.05109923,86,,,,Ongoing
2025-04-01,2025-09-17,IG_US_Columbus_CMH_1028_7PM_C25_W_LPViews_EN_Feed_9-3-2025,"17:00:00 - 17:59:59",inactive,"Using ad set budget",0,17.175017,"7-day click or 1-day view",9.927755,1730,1.123377,1540,0.03179191,55,,,,Ongoing
2025-04-01,2025-09-17,US-Columbus-SignUp-EN-OCT2025-Target,"18:00:00 - 18:59:59",inactive,10,Daily,36.729238,"7-day click or 1-day view",5.849536,6279,1.228767,5110,0.04650422,292,,,,2025-10-26
2025-04-01,2025-09-17,IG_US_Columbus_OCT28_7PM_C25_W_LPViews_EN_Feed_8-2-2025,"18:00:00 - 18:59:59",inactive,30,Daily,57.435376,"7-day click or 1-day view",11.626594,4940,1.118153,4418,0.04271255,211,,,,Ongoing
2025-04-01,2025-09-17,FB_US_Columbus_OCT28_7PM_C25_W_LPViews_EN_Feed_8-2-2025,"18:00:00 - 18:59:59",inactive,30,Daily,49.962641,"7-day click or 1-day view",11.070827,4513,1.107485,4075,0.06049191,273,,,,Ongoing
2025-04-01,2025-09-17,FB_US_Columbus_CMH_1028_7PM_C25_W_LPViews_EN_Feed_9-3-2025,"18:00:00 - 18:59:59",inactive,"Using ad set budget",0,24.32091,"7-day click or 1-day view",11.402208,2133,1.104609,1931,0.0665729,142,,,,Ongoing
2025-04-01,2025-09-17,IG_US_Columbus_CMH_1028_7PM_C25_W_LPViews_EN_Feed_9-3-2025,"18:00:00 - 18:59:59",inactive,"Using ad set budget",0,16.424798,"7-day click or 1-day view",9.253407,1775,1.135637,1563,0.01859155,33,,,,Ongoing
2025-04-01,2025-09-17,US-Columbus-SignUp-EN-OCT2025-Target,"19:00:00 - 19:59:59",inactive,10,Daily,40.440171,"7-day click or 1-day view",5.834681,6931,1.270345,5456,0.04342808,301,,,,2025-10-26
2025-04-01,2025-09-17,IG_US_Columbus_OCT28_7PM_C25_W_LPViews_EN_Feed_8-2-2025,"19:00:00 - 19:59:59",inactive,30,Daily,68.786439,"7-day click or 1-day view",11.454861,6005,1.119292,5365,0.03680266,221,,,,Ongoing
2025-04-01,2025-09-17,FB_US_Columbus_OCT28_7PM_C25_W_LPViews_EN_Feed_8-2-2025,"19:00:00 - 19:59:59",inactive,30,Daily,53.902849,"7-day click or 1-day view",10.924777,4934,1.09742,4496,0.05938387,293,,,,Ongoing
2025-04-01,2025-09-17,FB_US_Columbus_CMH_1028_7PM_C25_W_LPViews_EN_Feed_9-3-2025,"19:00:00 - 19:59:59",inactive,"Using ad set budget",0,26.491883,"7-day click or 1-day view",9.224193,2872,1.128044,2546,0.06093315,175,,,,Ongoing
2025-04-01,2025-09-17,IG_US_Columbus_CMH_1028_7PM_C25_W_LPViews_EN_Feed_9-3-2025,"19:00:00 - 19:59:59",inactive,"Using ad set budget",0,18.365364,"7-day click or 1-day view",8.885034,2067,1.138216,1816,0.02660861,55,,,,Ongoing
2025-04-01,2025-09-17,US-Columbus-SignUp-EN-OCT2025-Target,"20:00:00 - 20:59:59",inactive,10,Daily,48.232131,"7-day click or 1-day view",5.802013,8313,1.353248,6143,0.0407795,339,,,,2025-10-26
2025-04-01,2025-09-17,IG_US_Columbus_OCT28_7PM_C25_W_LPViews_EN_Feed_8-2-2025,"20:00:00 - 20:59:59",inactive,30,Daily,75.507068,"7-day click or 1-day view",11.402457,6622,1.133322,5843,0.03367563,223,,,,Ongoing
2025-04-01,2025-09-17,FB_US_Columbus_OCT28_7PM_C25_W_LPViews_EN_Feed_8-2-2025,"20:00:00 - 20:59:59",inactive,30,Daily,61.253237,"7-day click or 1-day view",10.852806,5644,1.056335,5343,0.06449327,364,,,,Ongoing
2025-04-01,2025-09-17,FB_US_Columbus_CMH_1028_7PM_C25_W_LPViews_EN_Feed_9-3-2025,"20:00:00 - 20:59:59",inactive,"Using ad set budget",0,27.032126,"7-day click or 1-day view",8.184113,3303,1.136614,2906,0.07356948,243,,,,Ongoing
2025-04-01,2025-09-17,IG_US_Columbus_CMH_1028_7PM_C25_W_LPViews_EN_Feed_9-3-2025,"20:00:00 - 20:59:59",inactive,"Using ad set budget",0,27.728099,"7-day click or 1-day view",10.071958,2753,1.158183,2377,0.02361061,65,,,,Ongoing
2025-04-01,2025-09-17,US-Columbus-SignUp-EN-OCT2025-Target,"21:00:00 - 21:59:59",inactive,10,Daily,57.664503,"7-day click or 1-day view",5.742333,10042,1.400753,7169,0.0442143,444,,,,2025-10-26
2025-04-01,2025-09-17,IG_US_Columbus_OCT28_7PM_C25_W_LPViews_EN_Feed_8-2-2025,"21:00:00 - 21:59:59",inactive,30,Daily,84.277889,"7-day click or 1-day view",11.715025,7194,1.161447,6194,0.0411454,296,,,,Ongoing
2025-04-01,2025-09-17,FB_US_Columbus_OCT28_7PM_C25_W_LPViews_EN_Feed_8-2-2025,"21:00:00 - 21:59:59",inactive,30,Daily,68.523622,"7-day click or 1-day view",10.63536,6443,1.091294,5904,0.05835791,376,,,,Ongoing
2025-04-01,2025-09-17,FB_US_Columbus_CMH_1028_7PM_C25_W_LPViews_EN_Feed_9-3-2025,"21:00:00 - 21:59:59",inactive,"Using ad set budget",0,26.091704,"7-day click or 1-day view",7.726297,3377,1.162078,2906,0.06929227,234,,,,Ongoing
2025-04-01,2025-09-17,IG_US_Columbus_CMH_1028_7PM_C25_W_LPViews_EN_Feed_9-3-2025,"21:00:00 - 21:59:59",inactive,"Using ad set budget",0,29.138511,"7-day click or 1-day view",9.029597,3227,1.17989,2735,0.02200186,71,,,,Ongoing
2025-04-01,2025-09-17,US-Columbus-SignUp-EN-OCT2025-Target,"22:00:00 - 22:59:59",inactive,10,Daily,61.455457,"7-day click or 1-day view",5.990978,10258,1.409841,7276,0.04367323,448,,,,2025-10-26
2025-04-01,2025-09-17,IG_US_Columbus_OCT28_7PM_C25_W_LPViews_EN_Feed_8-2-2025,"22:00:00 - 22:59:59",inactive,30,Daily,88.13825,"7-day click or 1-day view",10.944772,8053,1.170154,6882,0.03961257,319,,,,Ongoing
2025-04-01,2025-09-17,FB_US_Columbus_OCT28_7PM_C25_W_LPViews_EN_Feed_8-2-2025,"22:00:00 - 22:59:59",inactive,30,Daily,72.933855,"7-day click or 1-day view",10.333502,7058,1.137103,6207,0.05865684,414,,,,Ongoing
2025-04-01,2025-09-17,FB_US_Columbus_CMH_1028_7PM_C25_W_LPViews_EN_Feed_9-3-2025,"22:00:00 - 22:59:59",inactive,"Using ad set budget",0,23.100362,"7-day click or 1-day view",7.618853,3032,1.137711,2665,0.06695251,203,,,,Ongoing
2025-04-01,2025-09-17,IG_US_Columbus_CMH_1028_7PM_C25_W_LPViews_EN_Feed_9-3-2025,"22:00:00 - 22:59:59",inactive,"Using ad set budget",0,25.997594,"7-day click or 1-day view",8.700667,2988,1.214141,2461,0.02710843,81,,,,Ongoing
2025-04-01,2025-09-17,US-Columbus-SignUp-EN-OCT2025-Target,"23:00:00 - 23:59:59",inactive,10,Daily,42.500689,"7-day click or 1-day view",5.87838,7230,1.283508,5633,0.05131397,371,,,,2025-10-26
2025-04-01,2025-09-17,IG_US_Columbus_OCT28_7PM_C25_W_LPViews_EN_Feed_8-2-2025,"23:00:00 - 23:59:59",inactive,30,Daily,83.177786,"7-day click or 1-day view",10.682993,7786,1.176666,6617,0.03120986,243,,,,Ongoing
2025-04-01,2025-09-17,FB_US_Columbus_OCT28_7PM_C25_W_LPViews_EN_Feed_8-2-2025,"23:00:00 - 23:59:59",inactive,30,Daily,66.143496,"7-day click or 1-day view",10.914768,6060,1.088558,5567,0.05033003,305,,,,Ongoing
2025-04-01,2025-09-17,FB_US_Columbus_CMH_1028_7PM_C25_W_LPViews_EN_Feed_9-3-2025,"23:00:00 - 23:59:59",inactive,"Using ad set budget",0,14.976718,"7-day click or 1-day view",7.820741,1915,1.115317,1717,0.05639687,108,,,,Ongoing
2025-04-01,2025-09-17,IG_US_Columbus_CMH_1028_7PM_C25_W_LPViews_EN_Feed_9-3-2025,"23:00:00 - 23:59:59",inactive,"Using ad set budget",0,18.175309,"7-day click or 1-day view",8.25775,2201,1.150549,1913,0.02362562,52,,,,Ongoing
