"Reporting starts","Reporting ends","Campaign name",Platform,Placement,"Device platform","Impression device","Campaign Delivery","Ad set budget","Ad set budget type","Amount spent (USD)","Attribution setting","CPM (cost per 1,000 impressions) (USD)",Impressions,Frequency,Reach,"CTR (Link)","Link clicks",Results,"Result indicator","Cost per results",Ends
2025-04-01,2025-09-17,US-Sacramento-Traffic-NOV2025-Interest,Facebook,"Facebook Notifications",In-app,"Android Smartphone",inactive,20,Daily,0.12003,"7-day click or 1-day view",6.668338,18,1.125,16,0.05555556,1,1,actions:landing_page_view,0.12003009,2025-11-08
2025-04-01,2025-09-17,US-Sacramento-Traffic-NOV2025-Interest,Facebook,"Facebook Notifications",In-app,iPhone,inactive,20,Daily,1.200301,"7-day click or 1-day view",4.839923,248,1.107143,224,0.03629032,9,7,actions:landing_page_view,0.17147156,2025-11-08
2025-04-01,2025-09-17,US-Sacramento-Traffic-NOV2025-Interest,Facebook,"Facebook profile feed",In-app,"Android Smartphone",inactive,20,Daily,0.020005,"7-day click or 1-day view",1.818638,11,0,0,0,,,,,2025-11-08
2025-04-01,2025-09-17,US-Sacramento-Traffic-NOV2025-Interest,Facebook,"Facebook profile feed",In-app,iPad,inactive,20,Daily,0.010003,"7-day click or 1-day view",3.334169,3,0,0,0,,,,,2025-11-08
2025-04-01,2025-09-17,US-Sacramento-Traffic-NOV2025-Interest,Facebook,"Facebook profile feed",In-app,iPhone,inactive,20,Daily,0.110028,"7-day click or 1-day view",3.438362,32,1.333333,24,0.03125,1,1,actions:landing_page_view,0.11002758,2025-11-08
2025-04-01,2025-09-17,US-Sacramento-Traffic-NOV2025-Interest,Facebook,"Facebook Reels",In-app,"Android Smartphone",inactive,20,Daily,11.952996,"7-day click or 1-day view",5.865062,2038,1.602201,1272,0.05397448,110,89,actions:landing_page_view,0.13430333,2025-11-08
2025-04-01,2025-09-17,US-Sacramento-Traffic-NOV2025-Interest,Facebook,"Facebook Reels",In-app,"Android Tablet",inactive,20,Daily,0.050013,"7-day click or 1-day view",3.847118,13,0,0,0.15384615,2,2,actions:landing_page_view,0.02500627,2025-11-08
2025-04-01,2025-09-17,US-Sacramento-Traffic-NOV2025-Interest,Facebook,"Facebook Reels",In-app,iPad,inactive,20,Daily,0.410103,"7-day click or 1-day view",7.456415,55,2.291667,24,0.03636364,2,2,actions:landing_page_view,0.2050514,2025-11-08
2025-04-01,2025-09-17,US-Sacramento-Traffic-NOV2025-Interest,Facebook,"Facebook Reels",In-app,iPhone,inactive,20,Daily,68.207099,"7-day click or 1-day view",5.346641,12757,1.729059,7378,0.04491652,573,548,actions:landing_page_view,0.12446551,2025-11-08
2025-04-01,2025-09-17,US-Sacramento-Traffic-NOV2025-Interest,Facebook,"Facebook Reels",In-app,Other,inactive,20,Daily,0.010003,"7-day click or 1-day view",10.002508,1,0,0,0,,,,,2025-11-08
2025-04-01,2025-09-17,US-Sacramento-Traffic-NOV2025-Interest,Facebook,"Ads on Reels",In-app,"Android Smartphone",inactive,20,Daily,0.08002,"7-day click or 1-day view",0.941412,85,3.541667,24,0.01176471,1,1,actions:landing_page_view,0.08002006,2025-11-08
2025-04-01,2025-09-17,US-Sacramento-Traffic-NOV2025-Interest,Facebook,"Ads on Reels",In-app,iPhone,inactive,20,Daily,0.790198,"7-day click or 1-day view",1.334794,592,1.947368,304,0.01013514,6,4,actions:landing_page_view,0.19754952,2025-11-08
2025-04-01,2025-09-17,US-Sacramento-Traffic-NOV2025-Interest,Facebook,"Facebook Stories",In-app,"Android Smartphone",inactive,20,Daily,0.460115,"7-day click or 1-day view",6.971445,66,1.03125,64,0,,,,,2025-11-08
2025-04-01,2025-09-17,US-Sacramento-Traffic-NOV2025-Interest,Facebook,"Facebook Stories",In-app,iPhone,inactive,20,Daily,2.580647,"7-day click or 1-day view",5.932522,435,1.430921,304,0.04367816,19,16,actions:landing_page_view,0.16129043,2025-11-08
2025-04-01,2025-09-17,US-Sacramento-Traffic-NOV2025-Interest,Facebook,Feed,Desktop,Desktop,inactive,20,Daily,0.020005,"7-day click or 1-day view",4.001003,5,0,0,0,,,,,2025-11-08
2025-04-01,2025-09-17,US-Sacramento-Traffic-NOV2025-Interest,Facebook,Feed,In-app,"Android Smartphone",inactive,20,Daily,25.956507,"7-day click or 1-day view",5.979384,4341,1.619172,2681,0.08615526,374,308,actions:landing_page_view,0.08427437,2025-11-08
2025-04-01,2025-09-17,US-Sacramento-Traffic-NOV2025-Interest,Facebook,Feed,In-app,"Android Tablet",inactive,20,Daily,0.090023,"7-day click or 1-day view",6.924813,13,1,13,0.07692308,1,1,actions:landing_page_view,0.09002257,2025-11-08
2025-04-01,2025-09-17,US-Sacramento-Traffic-NOV2025-Interest,Facebook,Feed,In-app,iPad,inactive,20,Daily,4.281073,"7-day click or 1-day view",7.769643,551,1.530556,360,0.07985481,44,38,actions:landing_page_view,0.11265982,2025-11-08
2025-04-01,2025-09-17,US-Sacramento-Traffic-NOV2025-Interest,Facebook,Feed,In-app,iPhone,inactive,20,Daily,151.598004,"7-day click or 1-day view",5.988939,25313,1.575367,16068,0.07201833,1823,1704,actions:landing_page_view,0.08896596,2025-11-08
2025-04-01,2025-09-17,US-Sacramento-Traffic-NOV2025-Interest,Facebook,Feed,In-app,Other,inactive,20,Daily,0.050013,"7-day click or 1-day view",8.335423,6,0,0,0,,,,,2025-11-08
2025-04-01,2025-09-17,US-Sacramento-Traffic-NOV2025-Interest,Facebook,Feed,"Mobile web","Android Smartphone",inactive,20,Daily,0.310078,"7-day click or 1-day view",4.07997,76,1.9,40,0.03947368,3,3,actions:landing_page_view,0.10335924,2025-11-08
2025-04-01,2025-09-17,US-Sacramento-Traffic-NOV2025-Interest,Facebook,Feed,"Mobile web",iPad,inactive,20,Daily,0.04001,"7-day click or 1-day view",5.715719,7,0,0,0.14285714,1,1,actions:landing_page_view,0.04001003,2025-11-08
2025-04-01,2025-09-17,US-Sacramento-Traffic-NOV2025-Interest,Facebook,Feed,"Mobile web",iPhone,inactive,20,Daily,0.980246,"7-day click or 1-day view",4.876844,201,1.092391,184,0.02487562,5,2,actions:landing_page_view,0.49012287,2025-11-08
2025-04-01,2025-09-17,US-Sacramento-Traffic-NOV2025-Interest,Facebook,"In-stream reels",In-app,"Android Smartphone",inactive,20,Daily,0,"7-day click or 1-day view",0,34,0,0,0.02941176,1,,,,2025-11-08
2025-04-01,2025-09-17,US-Sacramento-Traffic-NOV2025-Interest,Facebook,"In-stream reels",In-app,iPhone,inactive,20,Daily,0.140035,"7-day click or 1-day view",0.809451,173,1.965909,88,0.01156069,2,2,actions:landing_page_view,0.07001755,2025-11-08
2025-04-01,2025-09-17,US-Sacramento-Traffic-NOV2025-Interest,Facebook,Marketplace,In-app,"Android Smartphone",inactive,20,Daily,0.010003,"7-day click or 1-day view",1.250313,8,1,8,0,,,,,2025-11-08
2025-04-01,2025-09-17,US-Sacramento-Traffic-NOV2025-Interest,Facebook,Marketplace,In-app,iPhone,inactive,20,Daily,0.100025,"7-day click or 1-day view",3.572324,28,3.5,8,0,,,,,2025-11-08
2025-04-01,2025-09-17,US-Sacramento-Traffic-NOV2025-Interest,Facebook,"Right column",Desktop,Desktop,inactive,20,Daily,0,"7-day click or 1-day view",0,27,3.375,8,0,,,,,2025-11-08
2025-04-01,2025-09-17,US-Sacramento-Traffic-NOV2025-Interest,Facebook,"Search results",In-app,iPhone,inactive,20,Daily,0.010003,"7-day click or 1-day view",10.002508,1,0,0,0,,,,,2025-11-08
2025-04-01,2025-09-17,US-Sacramento-Traffic-NOV2025-Interest,Facebook,"Feed: video feeds",In-app,"Android Tablet",inactive,20,Daily,0,"7-day click or 1-day view",0,2,0,0,0,,,,,2025-11-08
2025-04-01,2025-09-17,US-Sacramento-Traffic-NOV2025-Interest,Facebook,"Feed: video feeds",In-app,iPad,inactive,20,Daily,0.020005,"7-day click or 1-day view",2.857859,7,0,0,0.14285714,1,1,actions:landing_page_view,0.02000502,2025-11-08
2025-04-01,2025-09-17,US-Sacramento-Traffic-NOV2025-Interest,Facebook,"Feed: video feeds",In-app,iPhone,inactive,20,Daily,0.020005,"7-day click or 1-day view",2.500627,8,0,0,0,,,,,2025-11-08
2025-04-01,2025-09-17,US-Sacramento-Traffic-NOV2025-Interest,Facebook,"Feed: video feeds",In-app,Other,inactive,20,Daily,0,"7-day click or 1-day view",0,3,0,0,0,,,,,2025-11-08
2025-04-01,2025-09-17,US-Sacramento-Traffic-NOV2025-Interest,Instagram,Feed,In-app,"Android Smartphone",inactive,20,Daily,1.790449,"7-day click or 1-day view",5.577722,321,1.294355,248,0.05607477,18,15,actions:landing_page_view,0.11936326,2025-11-08
2025-04-01,2025-09-17,US-Sacramento-Traffic-NOV2025-Interest,Instagram,Feed,In-app,"Android Tablet",inactive,20,Daily,0.010003,"7-day click or 1-day view",10.002508,1,0,0,0,,,,,2025-11-08
2025-04-01,2025-09-17,US-Sacramento-Traffic-NOV2025-Interest,Instagram,Feed,In-app,iPad,inactive,20,Daily,0.08002,"7-day click or 1-day view",5.715719,14,1,14,0,,,,,2025-11-08
2025-04-01,2025-09-17,US-Sacramento-Traffic-NOV2025-Interest,Instagram,Feed,In-app,iPhone,inactive,20,Daily,10.912736,"7-day click or 1-day view",5.075691,2150,1.609281,1336,0.0372093,80,69,actions:landing_page_view,0.15815559,2025-11-08
2025-04-01,2025-09-17,US-Sacramento-Traffic-NOV2025-Interest,Instagram,Explore,In-app,"Android Smartphone",inactive,20,Daily,0.070018,"7-day click or 1-day view",4.376097,16,1,16,0.0625,1,1,actions:landing_page_view,0.07001755,2025-11-08
2025-04-01,2025-09-17,US-Sacramento-Traffic-NOV2025-Interest,Instagram,Explore,In-app,iPhone,inactive,20,Daily,0.330083,"7-day click or 1-day view",4.343194,76,1,76,0.03947368,3,2,actions:landing_page_view,0.16504137,2025-11-08
2025-04-01,2025-09-17,US-Sacramento-Traffic-NOV2025-Interest,Instagram,"Explore home",In-app,iPhone,inactive,20,Daily,0.020005,"7-day click or 1-day view",2.000502,10,1,10,0,,,,,2025-11-08
2025-04-01,2025-09-17,US-Sacramento-Traffic-NOV2025-Interest,Instagram,"Instagram Reels",In-app,"Android Smartphone",inactive,20,Daily,5.001254,"7-day click or 1-day view",5.150622,971,1.134346,856,0.04325438,42,34,actions:landing_page_view,0.1470957,2025-11-08
2025-04-01,2025-09-17,US-Sacramento-Traffic-NOV2025-Interest,Instagram,"Instagram Reels",In-app,"Android Tablet",inactive,20,Daily,0.030008,"7-day click or 1-day view",5.001254,6,1,6,0,,,,,2025-11-08
2025-04-01,2025-09-17,US-Sacramento-Traffic-NOV2025-Interest,Instagram,"Instagram Reels",In-app,iPad,inactive,20,Daily,0.16004,"7-day click or 1-day view",4.572575,35,1,35,0,,,,,2025-11-08
2025-04-01,2025-09-17,US-Sacramento-Traffic-NOV2025-Interest,Instagram,"Instagram Reels",In-app,iPhone,inactive,20,Daily,35.888997,"7-day click or 1-day view",5.116766,7014,1.568075,4473,0.04662104,327,268,actions:landing_page_view,0.13391417,2025-11-08
2025-04-01,2025-09-17,US-Sacramento-Traffic-NOV2025-Interest,Instagram,"Instagram Stories",In-app,"Android Smartphone",inactive,20,Daily,3.020757,"7-day click or 1-day view",5.87696,514,1.60625,320,0.04669261,24,20,actions:landing_page_view,0.15103786,2025-11-08
2025-04-01,2025-09-17,US-Sacramento-Traffic-NOV2025-Interest,Instagram,"Instagram Stories",In-app,iPad,inactive,20,Daily,0.090023,"7-day click or 1-day view",7.501881,12,1,12,0,,,,,2025-11-08
2025-04-01,2025-09-17,US-Sacramento-Traffic-NOV2025-Interest,Instagram,"Instagram Stories",In-app,iPhone,inactive,20,Daily,31.978017,"7-day click or 1-day view",5.663836,5646,1.560962,3617,0.04463337,252,229,actions:landing_page_view,0.13964199,2025-11-08
2025-04-01,2025-09-17,US-Sacramento-Traffic-NOV2025-Target,Facebook,"Facebook Notifications",In-app,iPhone,inactive,20,Daily,0,"7-day click or 1-day view",0,4,0,0,0,,,,,2025-11-08
2025-04-01,2025-09-17,US-Sacramento-Traffic-NOV2025-Target,Facebook,"Facebook profile feed",In-app,"Android Smartphone",inactive,20,Daily,0.010015,"7-day click or 1-day view",10.015393,1,0,0,0,,,,,2025-11-08
2025-04-01,2025-09-17,US-Sacramento-Traffic-NOV2025-Target,Facebook,"Facebook profile feed",In-app,iPad,inactive,20,Daily,0,"7-day click or 1-day view",0,1,0,0,0,,,,,2025-11-08
2025-04-01,2025-09-17,US-Sacramento-Traffic-NOV2025-Target,Facebook,"Facebook profile feed",In-app,iPhone,inactive,20,Daily,0.040062,"7-day click or 1-day view",8.012314,5,1,5,0.2,1,1,actions:landing_page_view,0.04006157,2025-11-08
2025-04-01,2025-09-17,US-Sacramento-Traffic-NOV2025-Target,Facebook,"Facebook Reels",In-app,"Android Smartphone",inactive,20,Daily,0.050077,"7-day click or 1-day view",2.503848,20,0,0,0.15,3,1,actions:landing_page_view,0.05007696,2025-11-08
2025-04-01,2025-09-17,US-Sacramento-Traffic-NOV2025-Target,Facebook,"Facebook Reels",In-app,iPhone,inactive,20,Daily,0.380585,"7-day click or 1-day view",4.817531,79,1.795455,44,0.11392405,9,10,actions:landing_page_view,0.03805849,2025-11-08
2025-04-01,2025-09-17,US-Sacramento-Traffic-NOV2025-Target,Facebook,"Ads on Reels",In-app,iPhone,inactive,20,Daily,0,"7-day click or 1-day view",0,1,0,0,0,,,,,2025-11-08
2025-04-01,2025-09-17,US-Sacramento-Traffic-NOV2025-Target,Facebook,"Facebook Stories",In-app,"Android Smartphone",inactive,20,Daily,0.010015,"7-day click or 1-day view",10.015393,1,0,0,0,,,,,2025-11-08
2025-04-01,2025-09-17,US-Sacramento-Traffic-NOV2025-Target,Facebook,Feed,In-app,"Android Smartphone",inactive,20,Daily,12.318933,"7-day click or 1-day view",6.015104,2048,1.356291,1510,0.13818359,283,224,actions:landing_page_view,0.05499524,2025-11-08
2025-04-01,2025-09-17,US-Sacramento-Traffic-NOV2025-Target,Facebook,Feed,In-app,"Android Tablet",inactive,20,Daily,0.100154,"7-day click or 1-day view",8.34616,12,1,12,0.16666667,2,1,actions:landing_page_view,0.10015393,2025-11-08
2025-04-01,2025-09-17,US-Sacramento-Traffic-NOV2025-Target,Facebook,Feed,In-app,iPad,inactive,20,Daily,4.506927,"7-day click or 1-day view",7.976861,565,1.342043,421,0.12389381,70,66,actions:landing_page_view,0.06828677,2025-11-08
2025-04-01,2025-09-17,US-Sacramento-Traffic-NOV2025-Target,Facebook,Feed,In-app,iPhone,inactive,20,Daily,98.561478,"7-day click or 1-day view",6.96154,14158,1.395702,10144,0.10375759,1469,1358,actions:landing_page_view,0.07257841,2025-11-08
2025-04-01,2025-09-17,US-Sacramento-Traffic-NOV2025-Target,Facebook,Feed,In-app,Other,inactive,20,Daily,0.060092,"7-day click or 1-day view",8.584622,7,1,7,0.28571429,2,,,,2025-11-08
2025-04-01,2025-09-17,US-Sacramento-Traffic-NOV2025-Target,Facebook,Feed,"Mobile web","Android Smartphone",inactive,20,Daily,0.010015,"7-day click or 1-day view",3.338464,3,0,0,0,,,,,2025-11-08
2025-04-01,2025-09-17,US-Sacramento-Traffic-NOV2025-Target,Facebook,Feed,"Mobile web",iPhone,inactive,20,Daily,0.010015,"7-day click or 1-day view",5.007696,2,0,0,0.5,1,1,actions:landing_page_view,0.01001539,2025-11-08
2025-04-01,2025-09-17,US-Sacramento-Traffic-NOV2025-Target,Facebook,"In-stream reels",In-app,"Android Smartphone",inactive,20,Daily,0,"7-day click or 1-day view",0,3,1,3,0,,,,,2025-11-08
2025-04-01,2025-09-17,US-Sacramento-Traffic-NOV2025-Target,Facebook,"In-stream reels",In-app,iPhone,inactive,20,Daily,0,"7-day click or 1-day view",0,18,1,18,0.05555556,1,1,actions:landing_page_view,0,2025-11-08
2025-04-01,2025-09-17,US-Sacramento-Traffic-NOV2025-Target,Facebook,Marketplace,In-app,"Android Smartphone",inactive,20,Daily,0,"7-day click or 1-day view",0,2,0,0,0,,,,,2025-11-08
2025-04-01,2025-09-17,US-Sacramento-Traffic-NOV2025-Target,Facebook,Marketplace,In-app,iPhone,inactive,20,Daily,0.010015,"7-day click or 1-day view",5.007696,2,0,0,0,,,,,2025-11-08
2025-04-01,2025-09-17,US-Sacramento-Traffic-NOV2025-Target,Facebook,"Search results",In-app,iPhone,inactive,20,Daily,0,"7-day click or 1-day view",0,1,0,0,0,,,,,2025-11-08
2025-04-01,2025-09-17,US-Sacramento-Traffic-NOV2025-Target,Facebook,"Feed: video feeds",In-app,"Android Smartphone",inactive,20,Daily,0.020031,"7-day click or 1-day view",10.015393,2,1,2,0,,,,,2025-11-08
2025-04-01,2025-09-17,US-Sacramento-Traffic-NOV2025-Target,Facebook,"Feed: video feeds",In-app,iPad,inactive,20,Daily,0.020031,"7-day click or 1-day view",6.676928,3,0,0,0,,,,,2025-11-08
2025-04-01,2025-09-17,US-Sacramento-Traffic-NOV2025-Target,Instagram,Feed,In-app,"Android Smartphone",inactive,20,Daily,0.410631,"7-day click or 1-day view",5.625083,73,1.403846,52,0.10958904,8,7,actions:landing_page_view,0.05866158,2025-11-08
2025-04-01,2025-09-17,US-Sacramento-Traffic-NOV2025-Target,Instagram,Feed,In-app,iPhone,inactive,20,Daily,0.460708,"7-day click or 1-day view",4.799042,96,1.2,80,0.09375,9,6,actions:landing_page_view,0.07678468,2025-11-08
2025-04-01,2025-09-17,US-Sacramento-Traffic-NOV2025-Target,Instagram,Explore,In-app,"Android Smartphone",inactive,20,Daily,0.020031,"7-day click or 1-day view",6.676928,3,1,3,0,,,,,2025-11-08
2025-04-01,2025-09-17,US-Sacramento-Traffic-NOV2025-Target,Instagram,Explore,In-app,iPhone,inactive,20,Daily,0.010015,"7-day click or 1-day view",5.007696,2,1,2,0,,,,,2025-11-08
2025-04-01,2025-09-17,US-Sacramento-Traffic-NOV2025-Target,Instagram,"Instagram Reels",In-app,"Android Smartphone",inactive,20,Daily,0.010015,"7-day click or 1-day view",5.007696,2,0,0,0,,,,,2025-11-08
2025-04-01,2025-09-17,US-Sacramento-Traffic-NOV2025-Target,Instagram,"Instagram Reels",In-app,iPhone,inactive,20,Daily,0.030046,"7-day click or 1-day view",3.755772,8,1,8,0,,,,,2025-11-08
2025-04-01,2025-09-17,US-Sacramento-Traffic-NOV2025-Target,Instagram,"Instagram Stories",Desktop,Desktop,inactive,20,Daily,0,"7-day click or 1-day view",0,1,0,0,0,,,,,2025-11-08
2025-04-01,2025-09-17,US-Sacramento-Traffic-NOV2025-Target,Instagram,"Instagram Stories",In-app,"Android Smartphone",inactive,20,Daily,0.010015,"7-day click or 1-day view",5.007696,2,0,0,0.5,1,1,actions:landing_page_view,0.01001539,2025-11-08
2025-04-01,2025-09-17,US-Sacramento-Traffic-NOV2025-Target,Instagram,"Instagram Stories",In-app,iPhone,inactive,20,Daily,0.060092,"7-day click or 1-day view",5.007696,12,1.5,8,0.08333333,1,,,,2025-11-08
2025-04-01,2025-09-17,FB_US_Sacramento_NOV8_8PM_C25_W_AW_EN_Feed_6-28-25,Facebook,"Facebook profile feed",In-app,"Android Smartphone",inactive,"Using ad set budget",0,0.070201,"7-day click or 1-day view",1.253583,56,1,56,0,,56,reach,1.25358337,2025-07-08
2025-04-01,2025-09-17,FB_US_Sacramento_NOV8_8PM_C25_W_AW_EN_Feed_6-28-25,Facebook,"Facebook profile feed",In-app,iPad,inactive,"Using ad set budget",0,0,"7-day click or 1-day view",0,2,0,0,0,,,,,2025-07-08
2025-04-01,2025-09-17,FB_US_Sacramento_NOV8_8PM_C25_W_AW_EN_Feed_6-28-25,Facebook,"Facebook profile feed",In-app,iPhone,inactive,"Using ad set budget",0,0.30086,"7-day click or 1-day view",1.511859,199,1.24375,160,0,,160,reach,1.88037506,2025-07-08
2025-04-01,2025-09-17,FB_US_Sacramento_NOV8_8PM_C25_W_AW_EN_Feed_6-28-25,Facebook,"Facebook Reels",In-app,"Android Smartphone",inactive,"Using ad set budget",0,0.541548,"7-day click or 1-day view",2.880575,188,1,188,0,,188,reach,2.88057456,2025-07-08
2025-04-01,2025-09-17,FB_US_Sacramento_NOV8_8PM_C25_W_AW_EN_Feed_6-28-25,Facebook,"Facebook Reels",In-app,"Android Tablet",inactive,"Using ad set budget",0,0.010029,"7-day click or 1-day view",10.028667,1,0,0,0,,,,,2025-07-08
2025-04-01,2025-09-17,FB_US_Sacramento_NOV8_8PM_C25_W_AW_EN_Feed_6-28-25,Facebook,"Facebook Reels",In-app,iPad,inactive,"Using ad set budget",0,0,"7-day click or 1-day view",0,1,0,0,0,,,,,2025-07-08
2025-04-01,2025-09-17,FB_US_Sacramento_NOV8_8PM_C25_W_AW_EN_Feed_6-28-25,Facebook,"Facebook Reels",In-app,iPhone,inactive,"Using ad set budget",0,0.461319,"7-day click or 1-day view",2.779028,166,1.0375,160,0,,160,reach,2.88324176,2025-07-08
2025-04-01,2025-09-17,FB_US_Sacramento_NOV8_8PM_C25_W_AW_EN_Feed_6-28-25,Facebook,"Ads on Reels",In-app,"Android Smartphone",inactive,"Using ad set budget",0,7.130382,"7-day click or 1-day view",0.892078,7993,1.036302,7713,0.00087577,7,7713,reach,0.92446288,2025-07-08
2025-04-01,2025-09-17,FB_US_Sacramento_NOV8_8PM_C25_W_AW_EN_Feed_6-28-25,Facebook,"Ads on Reels",In-app,"Android Tablet",inactive,"Using ad set budget",0,0.020057,"7-day click or 1-day view",0.802293,25,1,25,0,,25,reach,0.80229336,2025-07-08
2025-04-01,2025-09-17,FB_US_Sacramento_NOV8_8PM_C25_W_AW_EN_Feed_6-28-25,Facebook,"Ads on Reels",In-app,iPhone,inactive,"Using ad set budget",0,8.002876,"7-day click or 1-day view",0.911801,8777,1.095755,8010,0.00125328,11,8010,reach,0.99911064,2025-07-08
2025-04-01,2025-09-17,FB_US_Sacramento_NOV8_8PM_C25_W_AW_EN_Feed_6-28-25,Facebook,"Ads on Reels",In-app,Other,inactive,"Using ad set budget",0,0,"7-day click or 1-day view",0,1,0,0,0,,,,,2025-07-08
2025-04-01,2025-09-17,FB_US_Sacramento_NOV8_8PM_C25_W_AW_EN_Feed_6-28-25,Facebook,"Facebook Stories",In-app,iPhone,inactive,"Using ad set budget",0,0.020057,"7-day click or 1-day view",4.011467,5,0,0,0,,,,,2025-07-08
2025-04-01,2025-09-17,FB_US_Sacramento_NOV8_8PM_C25_W_AW_EN_Feed_6-28-25,Facebook,Feed,Desktop,Desktop,inactive,"Using ad set budget",0,0.040115,"7-day click or 1-day view",2.865333,14,0,0,0,,,,,2025-07-08
2025-04-01,2025-09-17,FB_US_Sacramento_NOV8_8PM_C25_W_AW_EN_Feed_6-28-25,Facebook,Feed,In-app,"Android Smartphone",inactive,"Using ad set budget",0,6.31806,"7-day click or 1-day view",2.796839,2259,1,2259,0.00088535,2,2259,reach,2.7968394,2025-07-08
2025-04-01,2025-09-17,FB_US_Sacramento_NOV8_8PM_C25_W_AW_EN_Feed_6-28-25,Facebook,Feed,In-app,"Android Tablet",inactive,"Using ad set budget",0,0.010029,"7-day click or 1-day view",1.671445,6,1,6,0,,6,reach,1.6714445,2025-07-08
2025-04-01,2025-09-17,FB_US_Sacramento_NOV8_8PM_C25_W_AW_EN_Feed_6-28-25,Facebook,Feed,In-app,iPad,inactive,"Using ad set budget",0,0.060172,"7-day click or 1-day view",2.074897,29,1.208333,24,0,,24,reach,2.50716675,2025-07-08
2025-04-01,2025-09-17,FB_US_Sacramento_NOV8_8PM_C25_W_AW_EN_Feed_6-28-25,Facebook,Feed,In-app,iPhone,inactive,"Using ad set budget",0,14.150449,"7-day click or 1-day view",2.712893,5216,1,5216,0.00230061,12,5216,reach,2.71289285,2025-07-08
2025-04-01,2025-09-17,FB_US_Sacramento_NOV8_8PM_C25_W_AW_EN_Feed_6-28-25,Facebook,Feed,In-app,Other,inactive,"Using ad set budget",0,0,"7-day click or 1-day view",0,1,0,0,0,,,,,2025-07-08
2025-04-01,2025-09-17,FB_US_Sacramento_NOV8_8PM_C25_W_AW_EN_Feed_6-28-25,Facebook,Feed,"Mobile web","Android Smartphone",inactive,"Using ad set budget",0,0.140401,"7-day click or 1-day view",2.160021,65,1,65,0,,65,reach,2.16002058,2025-07-08
2025-04-01,2025-09-17,FB_US_Sacramento_NOV8_8PM_C25_W_AW_EN_Feed_6-28-25,Facebook,Feed,"Mobile web",iPhone,inactive,"Using ad set budget",0,0.371061,"7-day click or 1-day view",2.921738,127,1,127,0,,127,reach,2.92173763,2025-07-08
2025-04-01,2025-09-17,FB_US_Sacramento_NOV8_8PM_C25_W_AW_EN_Feed_6-28-25,Facebook,Marketplace,Desktop,Desktop,inactive,"Using ad set budget",0,0.030086,"7-day click or 1-day view",1.583474,19,1,19,0,,19,reach,1.58347373,2025-07-08
2025-04-01,2025-09-17,FB_US_Sacramento_NOV8_8PM_C25_W_AW_EN_Feed_6-28-25,Facebook,Marketplace,In-app,"Android Smartphone",inactive,"Using ad set budget",0,1.143268,"7-day click or 1-day view",2.074897,551,1,551,0,,551,reach,2.07489662,2025-07-08
2025-04-01,2025-09-17,FB_US_Sacramento_NOV8_8PM_C25_W_AW_EN_Feed_6-28-25,Facebook,Marketplace,In-app,"Android Tablet",inactive,"Using ad set budget",0,0,"7-day click or 1-day view",0,3,0,0,0,,,,,2025-07-08
2025-04-01,2025-09-17,FB_US_Sacramento_NOV8_8PM_C25_W_AW_EN_Feed_6-28-25,Facebook,Marketplace,In-app,iPad,inactive,"Using ad set budget",0,0.130373,"7-day click or 1-day view",2.716097,48,1,48,0.02083333,1,48,reach,2.71609731,2025-07-08
2025-04-01,2025-09-17,FB_US_Sacramento_NOV8_8PM_C25_W_AW_EN_Feed_6-28-25,Facebook,Marketplace,In-app,iPhone,inactive,"Using ad set budget",0,3.028657,"7-day click or 1-day view",2.009726,1507,1.080287,1395,0.00066357,1,1395,reach,2.17108059,2025-07-08
2025-04-01,2025-09-17,FB_US_Sacramento_NOV8_8PM_C25_W_AW_EN_Feed_6-28-25,Facebook,Marketplace,In-app,Other,inactive,"Using ad set budget",0,0,"7-day click or 1-day view",0,1,1,1,0,,1,reach,0,2025-07-08
2025-04-01,2025-09-17,FB_US_Sacramento_NOV8_8PM_C25_W_AW_EN_Feed_6-28-25,Facebook,"Feed: video feeds",In-app,iPhone,inactive,"Using ad set budget",0,0,"7-day click or 1-day view",0,1,0,0,0,,,,,2025-07-08
2025-04-01,2025-09-17,IG_US_Sacramento_Nov8_8PM_C25_W_AW_EN_Feed_6-28-25,Instagram,Feed,Desktop,Desktop,inactive,"Using ad set budget",0,0.490801,"7-day click or 1-day view",2.210817,222,1,222,0,,222,reach,2.21081729,2025-07-08
2025-04-01,2025-09-17,IG_US_Sacramento_Nov8_8PM_C25_W_AW_EN_Feed_6-28-25,Instagram,Feed,In-app,"Android Smartphone",inactive,"Using ad set budget",0,0.841374,"7-day click or 1-day view",2.397077,351,1,351,0.00569801,2,351,reach,2.39707663,2025-07-08
2025-04-01,2025-09-17,IG_US_Sacramento_Nov8_8PM_C25_W_AW_EN_Feed_6-28-25,Instagram,Feed,In-app,"Android Tablet",inactive,"Using ad set budget",0,0,"7-day click or 1-day view",0,1,0,0,0,,,,,2025-07-08
2025-04-01,2025-09-17,IG_US_Sacramento_Nov8_8PM_C25_W_AW_EN_Feed_6-28-25,Instagram,Feed,In-app,iPad,inactive,"Using ad set budget",0,0.040065,"7-day click or 1-day view",4.006542,10,1,10,0,,10,reach,4.00654236,2025-07-08
2025-04-01,2025-09-17,IG_US_Sacramento_Nov8_8PM_C25_W_AW_EN_Feed_6-28-25,Instagram,Feed,In-app,iPhone,inactive,"Using ad set budget",0,5.649225,"7-day click or 1-day view",2.302048,2454,1,2454,0.000815,2,2454,reach,2.30204757,2025-07-08
2025-04-01,2025-09-17,IG_US_Sacramento_Nov8_8PM_C25_W_AW_EN_Feed_6-28-25,Instagram,Feed,In-app,iPod,inactive,"Using ad set budget",0,0,"7-day click or 1-day view",0,1,0,0,0,,,,,2025-07-08
2025-04-01,2025-09-17,IG_US_Sacramento_Nov8_8PM_C25_W_AW_EN_Feed_6-28-25,Instagram,Feed,"Mobile web","Android Smartphone",inactive,"Using ad set budget",0,0.340556,"7-day click or 1-day view",1.979977,172,1.34375,128,0,,128,reach,2.66059454,2025-07-08
2025-04-01,2025-09-17,IG_US_Sacramento_Nov8_8PM_C25_W_AW_EN_Feed_6-28-25,Instagram,Feed,"Mobile web",iPad,inactive,"Using ad set budget",0,0,"7-day click or 1-day view",0,5,1,5,0,,5,reach,0,2025-07-08
2025-04-01,2025-09-17,IG_US_Sacramento_Nov8_8PM_C25_W_AW_EN_Feed_6-28-25,Instagram,Feed,"Mobile web",iPhone,inactive,"Using ad set budget",0,0.661079,"7-day click or 1-day view",1.991203,332,1.216117,273,0,,273,reach,2.42153659,2025-07-08
2025-04-01,2025-09-17,IG_US_Sacramento_Nov8_8PM_C25_W_AW_EN_Feed_6-28-25,Instagram,Feed,"Mobile web",Other,inactive,"Using ad set budget",0,0,"7-day click or 1-day view",0,2,0,0,0,,,,,2025-07-08
2025-04-01,2025-09-17,IG_US_Sacramento_Nov8_8PM_C25_W_AW_EN_Feed_6-28-25,Instagram,Explore,In-app,"Android Smartphone",inactive,"Using ad set budget",0,1.111816,"7-day click or 1-day view",2.532609,439,1,439,0,,439,reach,2.53260935,2025-07-08
2025-04-01,2025-09-17,IG_US_Sacramento_Nov8_8PM_C25_W_AW_EN_Feed_6-28-25,Instagram,Explore,In-app,"Android Tablet",inactive,"Using ad set budget",0,0,"7-day click or 1-day view",0,3,0,0,0,,,,,2025-07-08
2025-04-01,2025-09-17,IG_US_Sacramento_Nov8_8PM_C25_W_AW_EN_Feed_6-28-25,Instagram,Explore,In-app,iPad,inactive,"Using ad set budget",0,0.030049,"7-day click or 1-day view",1.201963,25,1.041667,24,0,,24,reach,1.25204449,2025-07-08
2025-04-01,2025-09-17,IG_US_Sacramento_Nov8_8PM_C25_W_AW_EN_Feed_6-28-25,Instagram,Explore,In-app,iPhone,inactive,"Using ad set budget",0,14.123062,"7-day click or 1-day view",2.258606,6253,1,6253,0.00063969,4,6253,reach,2.25860576,2025-07-08
2025-04-01,2025-09-17,IG_US_Sacramento_Nov8_8PM_C25_W_AW_EN_Feed_6-28-25,Instagram,Explore,In-app,Other,inactive,"Using ad set budget",0,0.010016,"7-day click or 1-day view",5.008178,2,0,0,0,,,,,2025-07-08
2025-04-01,2025-09-17,IG_US_Sacramento_Nov8_8PM_C25_W_AW_EN_Feed_6-28-25,Instagram,"Explore home",In-app,"Android Smartphone",inactive,"Using ad set budget",0,1.522486,"7-day click or 1-day view",2.051868,742,1.087977,682,0,,682,reach,2.23238431,2025-07-08
2025-04-01,2025-09-17,IG_US_Sacramento_Nov8_8PM_C25_W_AW_EN_Feed_6-28-25,Instagram,"Explore home",In-app,"Android Tablet",inactive,"Using ad set budget",0,0,"7-day click or 1-day view",0,4,0,0,0,,,,,2025-07-08
2025-04-01,2025-09-17,IG_US_Sacramento_Nov8_8PM_C25_W_AW_EN_Feed_6-28-25,Instagram,"Explore home",In-app,iPad,inactive,"Using ad set budget",0,0.030049,"7-day click or 1-day view",1.502453,20,1.25,16,0,,16,reach,1.87806673,2025-07-08
2025-04-01,2025-09-17,IG_US_Sacramento_Nov8_8PM_C25_W_AW_EN_Feed_6-28-25,Instagram,"Explore home",In-app,iPhone,inactive,"Using ad set budget",0,4.266968,"7-day click or 1-day view",1.957325,2180,1.109415,1965,0.00045872,1,1965,reach,2.17148479,2025-07-08
2025-04-01,2025-09-17,IG_US_Sacramento_Nov8_8PM_C25_W_AW_EN_Feed_6-28-25,Instagram,"Explore home",In-app,Other,inactive,"Using ad set budget",0,0,"7-day click or 1-day view",0,1,0,0,0,,,,,2025-07-08
2025-04-01,2025-09-17,IG_US_Sacramento_Nov8_8PM_C25_W_AW_EN_Feed_6-28-25,Instagram,"Instagram Reels",In-app,"Android Smartphone",inactive,"Using ad set budget",0,2.293746,"7-day click or 1-day view",2.479725,925,1,925,0.00108108,1,925,reach,2.47972487,2025-07-08
2025-04-01,2025-09-17,IG_US_Sacramento_Nov8_8PM_C25_W_AW_EN_Feed_6-28-25,Instagram,"Instagram Reels",In-app,"Android Tablet",inactive,"Using ad set budget",0,0.010016,"7-day click or 1-day view",1.669393,6,0,0,0,,,,,2025-07-08
2025-04-01,2025-09-17,IG_US_Sacramento_Nov8_8PM_C25_W_AW_EN_Feed_6-28-25,Instagram,"Instagram Reels",In-app,iPad,inactive,"Using ad set budget",0,0.230376,"7-day click or 1-day view",3.656765,63,1.125,56,0,,56,reach,4.11386046,2025-07-08
2025-04-01,2025-09-17,IG_US_Sacramento_Nov8_8PM_C25_W_AW_EN_Feed_6-28-25,Instagram,"Instagram Reels",In-app,iPhone,inactive,"Using ad set budget",0,10.737534,"7-day click or 1-day view",2.446465,4389,1.047994,4188,0.00113921,5,4188,reach,2.56388098,2025-07-08
2025-04-01,2025-09-17,IG_US_Sacramento_Nov8_8PM_C25_W_AW_EN_Feed_6-28-25,Instagram,"Instagram Reels",In-app,Other,inactive,"Using ad set budget",0,0.010016,"7-day click or 1-day view",1.669393,6,0,0,0,,,,,2025-07-08
2025-04-01,2025-09-17,IG_US_Sacramento_Nov8_8PM_C25_W_AW_EN_Feed_6-28-25,Instagram,"Instagram Stories",Desktop,Desktop,inactive,"Using ad set budget",0,0.280458,"7-day click or 1-day view",1.845118,152,2.111111,72,0,,72,reach,3.89524952,2025-07-08
2025-04-01,2025-09-17,IG_US_Sacramento_Nov8_8PM_C25_W_AW_EN_Feed_6-28-25,Instagram,"Instagram Stories",In-app,"Android Smartphone",inactive,"Using ad set budget",0,0.44072,"7-day click or 1-day view",1.932981,228,1,228,0.00438596,1,228,reach,1.93298096,2025-07-08
2025-04-01,2025-09-17,IG_US_Sacramento_Nov8_8PM_C25_W_AW_EN_Feed_6-28-25,Instagram,"Instagram Stories",In-app,"Android Tablet",inactive,"Using ad set budget",0,0,"7-day click or 1-day view",0,6,0,0,0,,,,,2025-07-08
2025-04-01,2025-09-17,IG_US_Sacramento_Nov8_8PM_C25_W_AW_EN_Feed_6-28-25,Instagram,"Instagram Stories",In-app,iPad,inactive,"Using ad set budget",0,0.300491,"7-day click or 1-day view",2.276445,132,1,132,0,,132,reach,2.27644452,2025-07-08
2025-04-01,2025-09-17,IG_US_Sacramento_Nov8_8PM_C25_W_AW_EN_Feed_6-28-25,Instagram,"Instagram Stories",In-app,iPhone,inactive,"Using ad set budget",0,17.638803,"7-day click or 1-day view",2.47736,7120,1.030838,6907,0.00140449,10,6907,reach,2.55375746,2025-07-08
2025-04-01,2025-09-17,IG_US_Sacramento_Nov8_8PM_C25_W_AW_EN_Feed_6-28-25,Instagram,"Instagram Stories",In-app,iPod,inactive,"Using ad set budget",0,0,"7-day click or 1-day view",0,1,1,1,0,,1,reach,0,2025-07-08
2025-04-01,2025-09-17,IG_US_Sacramento_Nov8_8PM_C25_W_AW_EN_Feed_6-28-25,Instagram,"Instagram Stories",In-app,Other,inactive,"Using ad set budget",0,0.010016,"7-day click or 1-day view",5.008178,2,0,0,0,,,,,2025-07-08
2025-04-01,2025-09-17,IG_US_Sacramento_Nov8_8PM_C25_W_AW_EN_Feed_6-28-25,Instagram,"Instagram Stories","Mobile web","Android Smartphone",inactive,"Using ad set budget",0,0.050082,"7-day click or 1-day view",1.788635,28,1.166667,24,0,,24,reach,2.08674081,2025-07-08
2025-04-01,2025-09-17,IG_US_Sacramento_Nov8_8PM_C25_W_AW_EN_Feed_6-28-25,Instagram,"Instagram Stories","Mobile web",iPhone,inactive,"Using ad set budget",0,0.120196,"7-day click or 1-day view",2.452985,49,1.020833,48,0,,48,reach,2.50408898,2025-07-08
2025-04-01,2025-09-17,IG_US_Sacramento_Nov8_8PM_C25_M_AW_EN_Feed_6-28-25,Instagram,Feed,Desktop,Desktop,inactive,"Using ad set budget",0,0.110221,"7-day click or 1-day view",1.749544,63,1.3125,48,0,,48,reach,2.29627689,2025-07-08
2025-04-01,2025-09-17,IG_US_Sacramento_Nov8_8PM_C25_M_AW_EN_Feed_6-28-25,Instagram,Feed,In-app,"Android Smartphone",inactive,"Using ad set budget",0,1.112233,"7-day click or 1-day view",2.371499,469,1.218182,385,0.00426439,2,385,reach,2.88891695,2025-07-08
2025-04-01,2025-09-17,IG_US_Sacramento_Nov8_8PM_C25_M_AW_EN_Feed_6-28-25,Instagram,Feed,In-app,"Android Tablet",inactive,"Using ad set budget",0,0,"7-day click or 1-day view",0,1,0,0,0,,,,,2025-07-08
2025-04-01,2025-09-17,IG_US_Sacramento_Nov8_8PM_C25_M_AW_EN_Feed_6-28-25,Instagram,Feed,In-app,iPad,inactive,"Using ad set budget",0,0.03006,"7-day click or 1-day view",2.312335,13,1,13,0,,13,reach,2.31233477,2025-07-08
2025-04-01,2025-09-17,IG_US_Sacramento_Nov8_8PM_C25_M_AW_EN_Feed_6-28-25,Instagram,Feed,In-app,iPhone,inactive,"Using ad set budget",0,6.122292,"7-day click or 1-day view",2.377589,2575,1.05317,2445,0.0015534,4,2445,reach,2.50400479,2025-07-08
2025-04-01,2025-09-17,IG_US_Sacramento_Nov8_8PM_C25_M_AW_EN_Feed_6-28-25,Instagram,Feed,"Mobile web","Android Smartphone",inactive,"Using ad set budget",0,0.200402,"7-day click or 1-day view",2.385742,84,1.05,80,0,,80,reach,2.50502934,2025-07-08
2025-04-01,2025-09-17,IG_US_Sacramento_Nov8_8PM_C25_M_AW_EN_Feed_6-28-25,Instagram,Feed,"Mobile web",iPhone,inactive,"Using ad set budget",0,0.240483,"7-day click or 1-day view",2.073128,116,1.115385,104,0,,104,reach,2.31233477,2025-07-08
2025-04-01,2025-09-17,IG_US_Sacramento_Nov8_8PM_C25_M_AW_EN_Feed_6-28-25,Instagram,Feed,"Mobile web",Other,inactive,"Using ad set budget",0,0.01002,"7-day click or 1-day view",5.010059,2,0,0,0,,,,,2025-07-08
2025-04-01,2025-09-17,IG_US_Sacramento_Nov8_8PM_C25_M_AW_EN_Feed_6-28-25,Instagram,Explore,In-app,"Android Smartphone",inactive,"Using ad set budget",0,1.603219,"7-day click or 1-day view",2.440211,657,1,657,0,,657,reach,2.44021123,2025-07-08
2025-04-01,2025-09-17,IG_US_Sacramento_Nov8_8PM_C25_M_AW_EN_Feed_6-28-25,Instagram,Explore,In-app,"Android Tablet",inactive,"Using ad set budget",0,0,"7-day click or 1-day view",0,3,0,0,0,,,,,2025-07-08
2025-04-01,2025-09-17,IG_US_Sacramento_Nov8_8PM_C25_M_AW_EN_Feed_6-28-25,Instagram,Explore,In-app,iPad,inactive,"Using ad set budget",0,0.04008,"7-day click or 1-day view",2.505029,16,1,16,0,,16,reach,2.50502934,2025-07-08
2025-04-01,2025-09-17,IG_US_Sacramento_Nov8_8PM_C25_M_AW_EN_Feed_6-28-25,Instagram,Explore,In-app,iPhone,inactive,"Using ad set budget",0,9.499071,"7-day click or 1-day view",2.315717,4102,1.102688,3720,0.00073135,3,3720,reach,2.55351378,2025-07-08
2025-04-01,2025-09-17,IG_US_Sacramento_Nov8_8PM_C25_M_AW_EN_Feed_6-28-25,Instagram,Explore,In-app,iPod,inactive,"Using ad set budget",0,0,"7-day click or 1-day view",0,3,0,0,0,,,,,2025-07-08
2025-04-01,2025-09-17,IG_US_Sacramento_Nov8_8PM_C25_M_AW_EN_Feed_6-28-25,Instagram,Explore,In-app,Other,inactive,"Using ad set budget",0,0,"7-day click or 1-day view",0,3,1,3,0,,3,reach,0,2025-07-08
2025-04-01,2025-09-17,IG_US_Sacramento_Nov8_8PM_C25_M_AW_EN_Feed_6-28-25,Instagram,"Explore home",In-app,"Android Smartphone",inactive,"Using ad set budget",0,2.54511,"7-day click or 1-day view",2.108625,1207,1.123836,1074,0.0008285,1,1074,reach,2.36974842,2025-07-08
2025-04-01,2025-09-17,IG_US_Sacramento_Nov8_8PM_C25_M_AW_EN_Feed_6-28-25,Instagram,"Explore home",In-app,"Android Tablet",inactive,"Using ad set budget",0,0.01002,"7-day click or 1-day view",2.505029,4,0,0,0,,,,,2025-07-08
2025-04-01,2025-09-17,IG_US_Sacramento_Nov8_8PM_C25_M_AW_EN_Feed_6-28-25,Instagram,"Explore home",In-app,iPad,inactive,"Using ad set budget",0,0.01002,"7-day click or 1-day view",0.83501,12,1.5,8,0,,8,reach,1.25251467,2025-07-08
2025-04-01,2025-09-17,IG_US_Sacramento_Nov8_8PM_C25_M_AW_EN_Feed_6-28-25,Instagram,"Explore home",In-app,iPhone,inactive,"Using ad set budget",0,3.39682,"7-day click or 1-day view",2.160827,1572,1.02678,1531,0,,1531,reach,2.21869352,2025-07-08
2025-04-01,2025-09-17,IG_US_Sacramento_Nov8_8PM_C25_M_AW_EN_Feed_6-28-25,Instagram,"Instagram Reels",In-app,"Android Smartphone",inactive,"Using ad set budget",0,4.098228,"7-day click or 1-day view",2.364817,1733,1,1733,0.00288517,5,1733,reach,2.36481708,2025-07-08
2025-04-01,2025-09-17,IG_US_Sacramento_Nov8_8PM_C25_M_AW_EN_Feed_6-28-25,Instagram,"Instagram Reels",In-app,"Android Tablet",inactive,"Using ad set budget",0,0.050101,"7-day click or 1-day view",3.578613,14,0,0,0,,,,,2025-07-08
2025-04-01,2025-09-17,IG_US_Sacramento_Nov8_8PM_C25_M_AW_EN_Feed_6-28-25,Instagram,"Instagram Reels",In-app,iPad,inactive,"Using ad set budget",0,0.180362,"7-day click or 1-day view",2.613944,69,1,69,0,,69,reach,2.61394366,2025-07-08
2025-04-01,2025-09-17,IG_US_Sacramento_Nov8_8PM_C25_M_AW_EN_Feed_6-28-25,Instagram,"Instagram Reels",In-app,iPhone,inactive,"Using ad set budget",0,15.150417,"7-day click or 1-day view",2.29378,6605,1.000151,6604,0.0009084,6,6604,reach,2.29412741,2025-07-08
2025-04-01,2025-09-17,IG_US_Sacramento_Nov8_8PM_C25_M_AW_EN_Feed_6-28-25,Instagram,"Instagram Reels",In-app,Other,inactive,"Using ad set budget",0,0.02004,"7-day click or 1-day view",2.004023,10,0,0,0,,,,,2025-07-08
2025-04-01,2025-09-17,IG_US_Sacramento_Nov8_8PM_C25_M_AW_EN_Feed_6-28-25,Instagram,"Instagram Stories",Desktop,Desktop,inactive,"Using ad set budget",0,0.230463,"7-day click or 1-day view",1.969767,117,1,117,0,,117,reach,1.96976666,2025-07-08
2025-04-01,2025-09-17,IG_US_Sacramento_Nov8_8PM_C25_M_AW_EN_Feed_6-28-25,Instagram,"Instagram Stories",In-app,"Android Smartphone",inactive,"Using ad set budget",0,0.85171,"7-day click or 1-day view",2.118682,402,1.002494,401,0.00248756,1,401,reach,2.12396502,2025-07-08
2025-04-01,2025-09-17,IG_US_Sacramento_Nov8_8PM_C25_M_AW_EN_Feed_6-28-25,Instagram,"Instagram Stories",In-app,"Android Tablet",inactive,"Using ad set budget",0,0,"7-day click or 1-day view",0,3,0,0,0,,,,,2025-07-08
2025-04-01,2025-09-17,IG_US_Sacramento_Nov8_8PM_C25_M_AW_EN_Feed_6-28-25,Instagram,"Instagram Stories",In-app,iPad,inactive,"Using ad set budget",0,0.120241,"7-day click or 1-day view",3.006035,40,1,40,0,,40,reach,3.00603521,2025-07-08
2025-04-01,2025-09-17,IG_US_Sacramento_Nov8_8PM_C25_M_AW_EN_Feed_6-28-25,Instagram,"Instagram Stories",In-app,iPhone,inactive,"Using ad set budget",0,14.058225,"7-day click or 1-day view",2.346949,5990,1,5990,0.00116861,7,5990,reach,2.34694902,2025-07-08
2025-04-01,2025-09-17,IG_US_Sacramento_Nov8_8PM_C25_M_AW_EN_Feed_6-28-25,Instagram,"Instagram Stories","Mobile web","Android Smartphone",inactive,"Using ad set budget",0,0.01002,"7-day click or 1-day view",0.668008,15,1,15,0,,15,reach,0.66800782,2025-07-08
2025-04-01,2025-09-17,IG_US_Sacramento_Nov8_8PM_C25_M_AW_EN_Feed_6-28-25,Instagram,"Instagram Stories","Mobile web",iPhone,inactive,"Using ad set budget",0,0.070141,"7-day click or 1-day view",1.845811,38,1,38,0,,38,reach,1.84581109,2025-07-08
2025-04-01,2025-09-17,FB_US_Sacramento_NOV8_8PM_C25_M_AW_EN_Feed_6-28-25,Facebook,"Facebook profile feed",In-app,"Android Smartphone",inactive,"Using ad set budget",0,0.07028,"7-day click or 1-day view",2.602961,27,1.125,24,0,,24,reach,2.92833074,2025-07-08
2025-04-01,2025-09-17,FB_US_Sacramento_NOV8_8PM_C25_M_AW_EN_Feed_6-28-25,Facebook,"Facebook profile feed",In-app,iPad,inactive,"Using ad set budget",0,0,"7-day click or 1-day view",0,1,0,0,0,,,,,2025-07-08
2025-04-01,2025-09-17,FB_US_Sacramento_NOV8_8PM_C25_M_AW_EN_Feed_6-28-25,Facebook,"Facebook profile feed",In-app,iPhone,inactive,"Using ad set budget",0,0.09036,"7-day click or 1-day view",1.585262,57,1.017857,56,0,,56,reach,1.61357,2025-07-08
2025-04-01,2025-09-17,FB_US_Sacramento_NOV8_8PM_C25_M_AW_EN_Feed_6-28-25,Facebook,"Facebook Reels",In-app,"Android Smartphone",inactive,"Using ad set budget",0,1.305199,"7-day click or 1-day view",3.238707,403,1,403,0,,403,reach,3.23870681,2025-07-08
2025-04-01,2025-09-17,FB_US_Sacramento_NOV8_8PM_C25_M_AW_EN_Feed_6-28-25,Facebook,"Facebook Reels",In-app,"Android Tablet",inactive,"Using ad set budget",0,0.03012,"7-day click or 1-day view",6.023995,5,0,0,0,,,,,2025-07-08
2025-04-01,2025-09-17,FB_US_Sacramento_NOV8_8PM_C25_M_AW_EN_Feed_6-28-25,Facebook,"Facebook Reels",In-app,iPad,inactive,"Using ad set budget",0,0.01004,"7-day click or 1-day view",2.509998,4,1,4,0,,4,reach,2.50999778,2025-07-08
2025-04-01,2025-09-17,FB_US_Sacramento_NOV8_8PM_C25_M_AW_EN_Feed_6-28-25,Facebook,"Facebook Reels",In-app,iPhone,inactive,"Using ad set budget",0,2.018038,"7-day click or 1-day view",3.313692,609,1,609,0,,609,reach,3.31369165,2025-07-08
2025-04-01,2025-09-17,FB_US_Sacramento_NOV8_8PM_C25_M_AW_EN_Feed_6-28-25,Facebook,"Ads on Reels",In-app,"Android Smartphone",inactive,"Using ad set budget",0,8.323153,"7-day click or 1-day view",0.581957,14302,1.088515,13139,0.00076912,11,13139,reach,0.63346926,2025-07-08
2025-04-01,2025-09-17,FB_US_Sacramento_NOV8_8PM_C25_M_AW_EN_Feed_6-28-25,Facebook,"Ads on Reels",In-app,"Android Tablet",inactive,"Using ad set budget",0,0.01004,"7-day click or 1-day view",0.371852,27,1.6875,16,0,,16,reach,0.62749944,2025-07-08
2025-04-01,2025-09-17,FB_US_Sacramento_NOV8_8PM_C25_M_AW_EN_Feed_6-28-25,Facebook,"Ads on Reels",In-app,iPhone,inactive,"Using ad set budget",0,5.883435,"7-day click or 1-day view",0.652338,9019,1.065194,8467,0.00077614,7,8467,reach,0.69486652,2025-07-08
2025-04-01,2025-09-17,FB_US_Sacramento_NOV8_8PM_C25_M_AW_EN_Feed_6-28-25,Facebook,"Ads on Reels",In-app,Other,inactive,"Using ad set budget",0,0.01004,"7-day click or 1-day view",1.673332,6,0,0,0,,,,,2025-07-08
2025-04-01,2025-09-17,FB_US_Sacramento_NOV8_8PM_C25_M_AW_EN_Feed_6-28-25,Facebook,"Facebook Stories",In-app,"Android Smartphone",inactive,"Using ad set budget",0,0.01004,"7-day click or 1-day view",1.434284,7,0,0,0,,,,,2025-07-08
2025-04-01,2025-09-17,FB_US_Sacramento_NOV8_8PM_C25_M_AW_EN_Feed_6-28-25,Facebook,"Facebook Stories",In-app,iPhone,inactive,"Using ad set budget",0,0.06024,"7-day click or 1-day view",3.543526,17,1,17,0,,17,reach,3.54352628,2025-07-08
2025-04-01,2025-09-17,FB_US_Sacramento_NOV8_8PM_C25_M_AW_EN_Feed_6-28-25,Facebook,Feed,Desktop,Desktop,inactive,"Using ad set budget",0,0.12048,"7-day click or 1-day view",4.015996,30,1,30,0,,30,reach,4.01599645,2025-07-08
2025-04-01,2025-09-17,FB_US_Sacramento_NOV8_8PM_C25_M_AW_EN_Feed_6-28-25,Facebook,Feed,In-app,"Android Smartphone",inactive,"Using ad set budget",0,9.025952,"7-day click or 1-day view",3.028843,2980,1.015332,2935,0.00100671,3,2935,reach,3.07528178,2025-07-08
2025-04-01,2025-09-17,FB_US_Sacramento_NOV8_8PM_C25_M_AW_EN_Feed_6-28-25,Facebook,Feed,In-app,"Android Tablet",inactive,"Using ad set budget",0,0.03012,"7-day click or 1-day view",2.509998,12,0,0,0,,,,,2025-07-08
2025-04-01,2025-09-17,FB_US_Sacramento_NOV8_8PM_C25_M_AW_EN_Feed_6-28-25,Facebook,Feed,In-app,iPad,inactive,"Using ad set budget",0,0.0502,"7-day click or 1-day view",2.642103,19,2.375,8,0,,8,reach,6.27499445,2025-07-08
2025-04-01,2025-09-17,FB_US_Sacramento_NOV8_8PM_C25_M_AW_EN_Feed_6-28-25,Facebook,Feed,In-app,iPhone,inactive,"Using ad set budget",0,14.106188,"7-day click or 1-day view",3.069231,4596,1,4596,0.00043516,2,4596,reach,3.0692314,2025-07-08
2025-04-01,2025-09-17,FB_US_Sacramento_NOV8_8PM_C25_M_AW_EN_Feed_6-28-25,Facebook,Feed,"Mobile web","Android Smartphone",inactive,"Using ad set budget",0,0.11044,"7-day click or 1-day view",2.045183,54,1,54,0,,54,reach,2.04518337,2025-07-08
2025-04-01,2025-09-17,FB_US_Sacramento_NOV8_8PM_C25_M_AW_EN_Feed_6-28-25,Facebook,Feed,"Mobile web",iPad,inactive,"Using ad set budget",0,0,"7-day click or 1-day view",0,1,0,0,0,,,,,2025-07-08
2025-04-01,2025-09-17,FB_US_Sacramento_NOV8_8PM_C25_M_AW_EN_Feed_6-28-25,Facebook,Feed,"Mobile web",iPhone,inactive,"Using ad set budget",0,0.17068,"7-day click or 1-day view",2.509998,68,1,68,0,,68,reach,2.50999778,2025-07-08
2025-04-01,2025-09-17,FB_US_Sacramento_NOV8_8PM_C25_M_AW_EN_Feed_6-28-25,Facebook,"In-stream reels",In-app,"Android Smartphone",inactive,"Using ad set budget",0,0.01004,"7-day click or 1-day view",10.039991,1,0,0,0,,,,,2025-07-08
2025-04-01,2025-09-17,FB_US_Sacramento_NOV8_8PM_C25_M_AW_EN_Feed_6-28-25,Facebook,"In-stream reels",In-app,iPhone,inactive,"Using ad set budget",0,0.01004,"7-day click or 1-day view",5.019996,2,0,0,0,,,,,2025-07-08
2025-04-01,2025-09-17,FB_US_Sacramento_NOV8_8PM_C25_M_AW_EN_Feed_6-28-25,Facebook,Marketplace,Desktop,Desktop,inactive,"Using ad set budget",0,0.02008,"7-day click or 1-day view",1.544614,13,1,13,0,,13,reach,1.54461402,2025-07-08
2025-04-01,2025-09-17,FB_US_Sacramento_NOV8_8PM_C25_M_AW_EN_Feed_6-28-25,Facebook,Marketplace,In-app,"Android Smartphone",inactive,"Using ad set budget",0,1.234919,"7-day click or 1-day view",2.525397,489,1.192683,410,0.00204499,1,410,reach,3.01199733,2025-07-08
2025-04-01,2025-09-17,FB_US_Sacramento_NOV8_8PM_C25_M_AW_EN_Feed_6-28-25,Facebook,Marketplace,In-app,"Android Tablet",inactive,"Using ad set budget",0,0.01004,"7-day click or 1-day view",10.039991,1,0,0,0,,,,,2025-07-08
2025-04-01,2025-09-17,FB_US_Sacramento_NOV8_8PM_C25_M_AW_EN_Feed_6-28-25,Facebook,Marketplace,In-app,iPad,inactive,"Using ad set budget",0,0.03012,"7-day click or 1-day view",3.346664,9,1,9,0,,9,reach,3.3466637,2025-07-08
2025-04-01,2025-09-17,FB_US_Sacramento_NOV8_8PM_C25_M_AW_EN_Feed_6-28-25,Facebook,Marketplace,In-app,iPhone,inactive,"Using ad set budget",0,2.429678,"7-day click or 1-day view",2.635225,922,1.194301,772,0,,772,reach,3.1472511,2025-07-08
2025-04-01,2025-09-17,FB_US_Sacramento_NOV8_8PM_C25_M_AW_EN_Feed_6-28-25,Facebook,"Feed: video feeds",In-app,"Android Smartphone",inactive,"Using ad set budget",0,0,"7-day click or 1-day view",0,2,0,0,0,,,,,2025-07-08
2025-04-01,2025-09-17,FB_US_Sacramento_NOV8_8PM_C25_M_AW_EN_Feed_6-28-25,Facebook,"Feed: video feeds",In-app,"Android Tablet",inactive,"Using ad set budget",0,0.01004,"7-day click or 1-day view",10.039991,1,0,0,0,,,,,2025-07-08
2025-04-01,2025-09-17,FB_US_Sacramento_NOV8_8PM_C25_M_AW_EN_Feed_6-28-25,Facebook,"Feed: video feeds",In-app,iPhone,inactive,"Using ad set budget",0,0,"7-day click or 1-day view",0,1,0,0,0,,,,,2025-07-08
2025-04-01,2025-09-17,FB_US_Sacramento_SMF_1108_8PM_C25_MW_LPView_EN_Feed_7-8-25,Facebook,"Facebook Notifications",In-app,"Android Smartphone",active,10,Daily,0.479966,"7-day click or 1-day view",79.99432,6,0,0,0.16666667,1,,,,Ongoing
2025-04-01,2025-09-17,FB_US_Sacramento_SMF_1108_8PM_C25_MW_LPView_EN_Feed_7-8-25,Facebook,"Facebook Notifications",In-app,iPhone,active,10,Daily,0.249982,"7-day click or 1-day view",6.943951,36,1,36,0,,,,,Ongoing
2025-04-01,2025-09-17,FB_US_Sacramento_SMF_1108_8PM_C25_MW_LPView_EN_Feed_7-8-25,Facebook,"Facebook profile feed",In-app,"Android Smartphone",active,10,Daily,0.129991,"7-day click or 1-day view",2.166513,60,1.25,48,0.03333333,2,1,actions:landing_page_view,0.12999077,Ongoing
2025-04-01,2025-09-17,FB_US_Sacramento_SMF_1108_8PM_C25_MW_LPView_EN_Feed_7-8-25,Facebook,"Facebook profile feed",In-app,iPad,active,10,Daily,0.049996,"7-day click or 1-day view",4.166371,12,1,12,0,,,,,Ongoing
2025-04-01,2025-09-17,FB_US_Sacramento_SMF_1108_8PM_C25_MW_LPView_EN_Feed_7-8-25,Facebook,"Facebook profile feed",In-app,iPhone,active,10,Daily,1.12992,"7-day click or 1-day view",3.246896,348,1,348,0.02873563,10,7,actions:landing_page_view,0.16141711,Ongoing
2025-04-01,2025-09-17,FB_US_Sacramento_SMF_1108_8PM_C25_MW_LPView_EN_Feed_7-8-25,Facebook,"Facebook Reels",In-app,"Android Smartphone",active,10,Daily,25.708175,"7-day click or 1-day view",7.690151,3343,1.357288,2463,0.03290458,110,39,actions:landing_page_view,0.65918396,Ongoing
2025-04-01,2025-09-17,FB_US_Sacramento_SMF_1108_8PM_C25_MW_LPView_EN_Feed_7-8-25,Facebook,"Facebook Reels",In-app,"Android Tablet",active,10,Daily,0.019999,"7-day click or 1-day view",9.99929,2,0,0,0,,,,,Ongoing
2025-04-01,2025-09-17,FB_US_Sacramento_SMF_1108_8PM_C25_MW_LPView_EN_Feed_7-8-25,Facebook,"Facebook Reels",In-app,iPad,active,10,Daily,0.129991,"7-day click or 1-day view",7.221709,18,0,0,0.16666667,3,2,actions:landing_page_view,0.06499538,Ongoing
2025-04-01,2025-09-17,FB_US_Sacramento_SMF_1108_8PM_C25_MW_LPView_EN_Feed_7-8-25,Facebook,"Facebook Reels",In-app,iPhone,active,10,Daily,40.307138,"7-day click or 1-day view",5.693903,7079,1.536575,4607,0.06046052,428,355,actions:landing_page_view,0.11354123,Ongoing
2025-04-01,2025-09-17,FB_US_Sacramento_SMF_1108_8PM_C25_MW_LPView_EN_Feed_7-8-25,Facebook,"Facebook Reels","Mobile web","Android Smartphone",active,10,Daily,0.009999,"7-day click or 1-day view",9.99929,1,0,0,0,,,,,Ongoing
2025-04-01,2025-09-17,FB_US_Sacramento_SMF_1108_8PM_C25_MW_LPView_EN_Feed_7-8-25,Facebook,"Facebook Reels","Mobile web",iPad,active,10,Daily,0,"7-day click or 1-day view",0,1,0,0,0,,,,,Ongoing
2025-04-01,2025-09-17,FB_US_Sacramento_SMF_1108_8PM_C25_MW_LPView_EN_Feed_7-8-25,Facebook,"Facebook Reels","Mobile web",iPhone,active,10,Daily,0.039997,"7-day click or 1-day view",3.076705,13,0,0,0,,,,,Ongoing
2025-04-01,2025-09-17,FB_US_Sacramento_SMF_1108_8PM_C25_MW_LPView_EN_Feed_7-8-25,Facebook,"Facebook Stories",In-app,"Android Smartphone",active,10,Daily,0.359974,"7-day click or 1-day view",15.651063,23,0,0,0,,,,,Ongoing
2025-04-01,2025-09-17,FB_US_Sacramento_SMF_1108_8PM_C25_MW_LPView_EN_Feed_7-8-25,Facebook,"Facebook Stories",In-app,iPhone,active,10,Daily,3.359761,"7-day click or 1-day view",11.389022,295,3.072917,96,0.02372881,7,1,actions:landing_page_view,3.35976144,Ongoing
2025-04-01,2025-09-17,FB_US_Sacramento_SMF_1108_8PM_C25_MW_LPView_EN_Feed_7-8-25,Facebook,Feed,Desktop,Desktop,active,10,Daily,0.079994,"7-day click or 1-day view",19.99858,4,0,0,0,,,,,Ongoing
2025-04-01,2025-09-17,FB_US_Sacramento_SMF_1108_8PM_C25_MW_LPView_EN_Feed_7-8-25,Facebook,Feed,In-app,"Android Smartphone",active,10,Daily,71.654912,"7-day click or 1-day view",7.316952,9793,1.590289,6158,0.09231083,904,482,actions:landing_page_view,0.14866164,Ongoing
2025-04-01,2025-09-17,FB_US_Sacramento_SMF_1108_8PM_C25_MW_LPView_EN_Feed_7-8-25,Facebook,Feed,In-app,"Android Tablet",active,10,Daily,0.229984,"7-day click or 1-day view",7.930471,29,1.8125,16,0,,,,,Ongoing
2025-04-01,2025-09-17,FB_US_Sacramento_SMF_1108_8PM_C25_MW_LPView_EN_Feed_7-8-25,Facebook,Feed,In-app,iPad,active,10,Daily,3.219771,"7-day click or 1-day view",6.680024,482,1.038793,464,0.06846473,33,27,actions:landing_page_view,0.11925079,Ongoing
2025-04-01,2025-09-17,FB_US_Sacramento_SMF_1108_8PM_C25_MW_LPView_EN_Feed_7-8-25,Facebook,Feed,In-app,iPhone,active,10,Daily,554.270644,"7-day click or 1-day view",7.030055,78843,2.036761,38710,0.07407126,5840,3625,actions:landing_page_view,0.15290225,Ongoing
2025-04-01,2025-09-17,FB_US_Sacramento_SMF_1108_8PM_C25_MW_LPView_EN_Feed_7-8-25,Facebook,Feed,In-app,iPod,active,10,Daily,0.019999,"7-day click or 1-day view",19.99858,1,0,0,2,2,,,,Ongoing
2025-04-01,2025-09-17,FB_US_Sacramento_SMF_1108_8PM_C25_MW_LPView_EN_Feed_7-8-25,Facebook,Feed,In-app,Other,active,10,Daily,0.019999,"7-day click or 1-day view",9.99929,2,0,0,0,,1,actions:landing_page_view,0.01999858,Ongoing
2025-04-01,2025-09-17,FB_US_Sacramento_SMF_1108_8PM_C25_MW_LPView_EN_Feed_7-8-25,Facebook,Feed,"Mobile web","Android Smartphone",active,10,Daily,0.089994,"7-day click or 1-day view",5.624601,16,1,16,0.0625,1,1,actions:landing_page_view,0.08999361,Ongoing
2025-04-01,2025-09-17,FB_US_Sacramento_SMF_1108_8PM_C25_MW_LPView_EN_Feed_7-8-25,Facebook,Feed,"Mobile web",iPad,active,10,Daily,0,"7-day click or 1-day view",0,1,0,0,0,,,,,Ongoing
2025-04-01,2025-09-17,FB_US_Sacramento_SMF_1108_8PM_C25_MW_LPView_EN_Feed_7-8-25,Facebook,Feed,"Mobile web",iPhone,active,10,Daily,0.759946,"7-day click or 1-day view",4.966968,153,1.59375,96,0.04575163,7,4,actions:landing_page_view,0.18998651,Ongoing
2025-04-01,2025-09-17,FB_US_Sacramento_SMF_1108_8PM_C25_MW_LPView_EN_Feed_7-8-25,Facebook,Marketplace,In-app,"Android Smartphone",active,10,Daily,0.169988,"7-day click or 1-day view",7.726724,22,0,0,0,,,,,Ongoing
2025-04-01,2025-09-17,FB_US_Sacramento_SMF_1108_8PM_C25_MW_LPView_EN_Feed_7-8-25,Facebook,Marketplace,In-app,iPhone,active,10,Daily,1.569889,"7-day click or 1-day view",6.680377,235,2.9375,80,0,,,,,Ongoing
2025-04-01,2025-09-17,FB_US_Sacramento_SMF_1108_8PM_C25_MW_LPView_EN_Feed_7-8-25,Facebook,"Right column",Desktop,Desktop,active,10,Daily,0.009999,"7-day click or 1-day view",1.111032,9,1,9,0,,,,,Ongoing
2025-04-01,2025-09-17,FB_US_Sacramento_SMF_1108_8PM_C25_MW_LPView_EN_Feed_7-8-25,Facebook,"Feed: video feeds",In-app,"Android Smartphone",active,10,Daily,0,"7-day click or 1-day view",0,1,0,0,0,,,,,Ongoing
2025-04-01,2025-09-17,FB_US_Sacramento_SMF_1108_8PM_C25_MW_LPView_EN_Feed_7-8-25,Facebook,"Feed: video feeds",In-app,iPad,active,10,Daily,0.009999,"7-day click or 1-day view",3.333097,3,0,0,0,,,,,Ongoing
2025-04-01,2025-09-17,FB_US_Sacramento_SMF_1108_8PM_C25_MW_LPView_EN_Feed_7-8-25,Facebook,"Feed: video feeds",In-app,iPhone,active,10,Daily,0.089994,"7-day click or 1-day view",6.428115,14,0,0,0,,,,,Ongoing
2025-04-01,2025-09-17,FB_US_Sacramento_SMF_1108_8PM_C25_MW_LPView_EN_Feed_7-8-25,Uncategorized,Uncategorized,Uncategorized,Other,active,10,Daily,0,"7-day click or 1-day view",0,0,0,0,,,17,actions:landing_page_view,0,Ongoing
2025-04-01,2025-09-17,IG_US-Sacramento_SMF_1108_8PM_C25_M/W_LPView_EN_Feed_7-8-25,Instagram,Feed,Desktop,Desktop,active,"Using ad set budget",0,0.040002,"7-day click or 1-day view",20.000836,2,0,0,0,,,,,Ongoing
2025-04-01,2025-09-17,IG_US-Sacramento_SMF_1108_8PM_C25_M/W_LPView_EN_Feed_7-8-25,Instagram,Feed,In-app,"Android Smartphone",active,"Using ad set budget",0,118.914969,"7-day click or 1-day view",7.963234,14933,1.964868,7600,0.06917565,1033,803,actions:landing_page_view,0.14808838,Ongoing
2025-04-01,2025-09-17,IG_US-Sacramento_SMF_1108_8PM_C25_M/W_LPView_EN_Feed_7-8-25,Instagram,Feed,In-app,"Android Tablet",active,"Using ad set budget",0,0.290012,"7-day click or 1-day view",8.286061,35,1,35,0.14285714,5,4,actions:landing_page_view,0.07250303,Ongoing
2025-04-01,2025-09-17,IG_US-Sacramento_SMF_1108_8PM_C25_M/W_LPView_EN_Feed_7-8-25,Instagram,Feed,In-app,iPad,active,"Using ad set budget",0,0.450019,"7-day click or 1-day view",9.184057,49,1.53125,32,0.04081633,2,,,,Ongoing
2025-04-01,2025-09-17,IG_US-Sacramento_SMF_1108_8PM_C25_M/W_LPView_EN_Feed_7-8-25,Instagram,Feed,In-app,iPhone,active,"Using ad set budget",0,261.990947,"7-day click or 1-day view",7.432156,35251,1.896031,18592,0.05406939,1906,1028,actions:landing_page_view,0.25485501,Ongoing
2025-04-01,2025-09-17,IG_US-Sacramento_SMF_1108_8PM_C25_M/W_LPView_EN_Feed_7-8-25,Instagram,Feed,In-app,Other,active,"Using ad set budget",0,0.020001,"7-day click or 1-day view",5.000209,4,0,0,0,,,,,Ongoing
2025-04-01,2025-09-17,IG_US-Sacramento_SMF_1108_8PM_C25_M/W_LPView_EN_Feed_7-8-25,Instagram,Feed,"Mobile web","Android Smartphone",active,"Using ad set budget",0,0.020001,"7-day click or 1-day view",5.000209,4,1,4,0,,,,,Ongoing
2025-04-01,2025-09-17,IG_US-Sacramento_SMF_1108_8PM_C25_M/W_LPView_EN_Feed_7-8-25,Instagram,Feed,"Mobile web",iPhone,active,"Using ad set budget",0,0.050002,"7-day click or 1-day view",2.941299,17,2.125,8,0,,,,,Ongoing
2025-04-01,2025-09-17,IG_US-Sacramento_SMF_1108_8PM_C25_M/W_LPView_EN_Feed_7-8-25,Instagram,Explore,In-app,"Android Smartphone",active,"Using ad set budget",0,5.400226,"7-day click or 1-day view",5.702456,947,1.599662,592,0.05913411,56,45,actions:landing_page_view,0.12000501,Ongoing
2025-04-01,2025-09-17,IG_US-Sacramento_SMF_1108_8PM_C25_M/W_LPView_EN_Feed_7-8-25,Instagram,Explore,In-app,"Android Tablet",active,"Using ad set budget",0,0.030001,"7-day click or 1-day view",7.500313,4,0,0,0,,,,,Ongoing
2025-04-01,2025-09-17,IG_US-Sacramento_SMF_1108_8PM_C25_M/W_LPView_EN_Feed_7-8-25,Instagram,Explore,In-app,iPad,active,"Using ad set budget",0,0.01,"7-day click or 1-day view",10.000418,1,0,0,0,,,,,Ongoing
2025-04-01,2025-09-17,IG_US-Sacramento_SMF_1108_8PM_C25_M/W_LPView_EN_Feed_7-8-25,Instagram,Explore,In-app,iPhone,active,"Using ad set budget",0,7.080296,"7-day click or 1-day view",5.13437,1379,1.197049,1152,0.04423495,61,15,actions:landing_page_view,0.47201972,Ongoing
2025-04-01,2025-09-17,IG_US-Sacramento_SMF_1108_8PM_C25_M/W_LPView_EN_Feed_7-8-25,Instagram,"Explore home",In-app,"Android Smartphone",active,"Using ad set budget",0,0,"7-day click or 1-day view",0,13,1,13,0,,,,,Ongoing
2025-04-01,2025-09-17,IG_US-Sacramento_SMF_1108_8PM_C25_M/W_LPView_EN_Feed_7-8-25,Instagram,"Explore home",In-app,iPad,active,"Using ad set budget",0,0,"7-day click or 1-day view",0,2,0,0,0,,,,,Ongoing
2025-04-01,2025-09-17,IG_US-Sacramento_SMF_1108_8PM_C25_M/W_LPView_EN_Feed_7-8-25,Instagram,"Explore home",In-app,iPhone,active,"Using ad set budget",0,0.080003,"7-day click or 1-day view",0.303043,264,1.65,160,0,,,,,Ongoing
2025-04-01,2025-09-17,IG_US-Sacramento_SMF_1108_8PM_C25_M/W_LPView_EN_Feed_7-8-25,Instagram,"Instagram Reels",In-app,"Android Smartphone",active,"Using ad set budget",0,14.540608,"7-day click or 1-day view",6.804215,2137,1.618939,1320,0.03509593,75,42,actions:landing_page_view,0.34620494,Ongoing
2025-04-01,2025-09-17,IG_US-Sacramento_SMF_1108_8PM_C25_M/W_LPView_EN_Feed_7-8-25,Instagram,"Instagram Reels",In-app,"Android Tablet",active,"Using ad set budget",0,0.040002,"7-day click or 1-day view",13.33389,3,1,3,0.33333333,1,,,,Ongoing
2025-04-01,2025-09-17,IG_US-Sacramento_SMF_1108_8PM_C25_M/W_LPView_EN_Feed_7-8-25,Instagram,"Instagram Reels",In-app,iPad,active,"Using ad set budget",0,0.530022,"7-day click or 1-day view",5.247744,101,3.15625,32,0.00990099,1,,,,Ongoing
2025-04-01,2025-09-17,IG_US-Sacramento_SMF_1108_8PM_C25_M/W_LPView_EN_Feed_7-8-25,Instagram,"Instagram Reels",In-app,iPhone,active,"Using ad set budget",0,141.495912,"7-day click or 1-day view",5.977606,23671,1.927606,12280,0.03159985,748,476,actions:landing_page_view,0.29726032,Ongoing
2025-04-01,2025-09-17,IG_US-Sacramento_SMF_1108_8PM_C25_M/W_LPView_EN_Feed_7-8-25,Instagram,"Instagram Stories",Desktop,Desktop,active,"Using ad set budget",0,0.080003,"7-day click or 1-day view",3.809683,21,1,21,0.04761905,1,,,,Ongoing
2025-04-01,2025-09-17,IG_US-Sacramento_SMF_1108_8PM_C25_M/W_LPView_EN_Feed_7-8-25,Instagram,"Instagram Stories",In-app,"Android Smartphone",active,"Using ad set budget",0,11.72049,"7-day click or 1-day view",9.113911,1286,1.435268,896,0.04510109,58,24,actions:landing_page_view,0.48835374,Ongoing
2025-04-01,2025-09-17,IG_US-Sacramento_SMF_1108_8PM_C25_M/W_LPView_EN_Feed_7-8-25,Instagram,"Instagram Stories",In-app,iPad,active,"Using ad set budget",0,0.190008,"7-day click or 1-day view",4.523999,42,1.3125,32,0.02380952,1,,,,Ongoing
2025-04-01,2025-09-17,IG_US-Sacramento_SMF_1108_8PM_C25_M/W_LPView_EN_Feed_7-8-25,Instagram,"Instagram Stories",In-app,iPhone,active,"Using ad set budget",0,154.576459,"7-day click or 1-day view",7.729982,19997,1.855698,10776,0.03520528,704,290,actions:landing_page_view,0.53302227,Ongoing
2025-04-01,2025-09-17,IG_US-Sacramento_SMF_1108_8PM_C25_M/W_LPView_EN_Feed_7-8-25,Instagram,"Instagram Stories","Mobile web","Android Smartphone",active,"Using ad set budget",0,0.030001,"7-day click or 1-day view",1.034526,29,1,29,0.03448276,1,,,,Ongoing
2025-04-01,2025-09-17,IG_US-Sacramento_SMF_1108_8PM_C25_M/W_LPView_EN_Feed_7-8-25,Instagram,"Instagram Stories","Mobile web",iPad,active,"Using ad set budget",0,0,"7-day click or 1-day view",0,6,1,6,0,,,,,Ongoing
2025-04-01,2025-09-17,IG_US-Sacramento_SMF_1108_8PM_C25_M/W_LPView_EN_Feed_7-8-25,Instagram,"Instagram Stories","Mobile web",iPhone,active,"Using ad set budget",0,0.390016,"7-day click or 1-day view",1.579013,247,1.102679,224,0.01619433,4,,,,Ongoing
2025-04-01,2025-09-17,IG_US-Sacramento_SMF_1108_8PM_C25_M/W_LPView_EN_Feed_7-8-25,Uncategorized,Uncategorized,Uncategorized,Other,active,"Using ad set budget",0,0,"7-day click or 1-day view",0,0,0,0,,,2,actions:landing_page_view,0,Ongoing
