"Campaign name","Ad Set Name","Ad name",Placement,"Delivery status","Delivery level","Ad Set Name","Amount spent (USD)","Attribution setting","CPM (cost per 1,000 impressions)",Impressions,Frequency,Reach,"CTR (Link)","Link clicks","Landing page views rate per link clicks","Result type",Results,"Cost per result","Adds to cart","Reporting starts","Reporting ends"
FB_US_Sacramento_SMF_1108_8PM_C25_MW_LPView_EN_Feed_7-8-25,FB_MW_30-50_EN_Feed_NOV8_Sacramento_8PM_Comedy+Events+Max+Media_LD0906,CRS_EN_Sacramento_NOV8_8PM_PissGuy_7-8-25,Feed,not_delivering,ad,FB_MW_30-50_EN_Feed_NOV8_Sacramento_8PM_Comedy+Events+Max+Media_LD0906,470.75710038,"7-day click or 1-day view",7.25122996,64921,1.87557058,34614,0.08491859,5513,,"Landing page views",3275,0.14374263,134,2025-04-01,2025-09-17
IG_US-Sacramento_SMF_1108_8PM_C25_M/W_LPView_EN_Feed_7-8-25,MW_24-55_EN_Feed_NOV8_Sacramento_8PM_Comedy+Events+Max+Media_7-8-25,"Video_EN_Sacramento_NOV8_8PM_PissGuy_7-8-25 - Copy",Feed,inactive,ad,MW_24-55_EN_Feed_NOV8_Sacramento_8PM_Comedy+Events+Max+Media_7-8-25,168.12,"7-day click or 1-day view",7.52383083,22345,1.73755832,12860,0.07804878,1744,,"Landing page views",1083,0.15523546,,2025-04-01,2025-09-17
IG_US-Sacramento_SMF_1108_8PM_C25_M/W_LPView_EN_Feed_7-8-25,MW_24-55_EN_Feed_NOV8_Sacramento_8PM_Comedy+Events+Max+Media_7-8-25,Flyer_EN_Sacramento_NOV8_8PM_Flyer_7-8-25,"Instagram Stories",rejected,ad,MW_24-55_EN_Feed_NOV8_Sacramento_8PM_Comedy+Events+Max+Media_7-8-25,131.23484431,"7-day click or 1-day view",7.89572495,16621,1.73406364,9585,0.03086457,513,,"Landing page views",161,0.81512326,85,2025-04-01,2025-09-17
IG_US-Sacramento_SMF_1108_8PM_C25_M/W_LPView_EN_Feed_7-8-25,MW_24-55_EN_Feed_NOV8_Sacramento_8PM_Comedy+Events+Max+Media_7-8-25,Flyer_EN_Sacramento_NOV8_8PM_Flyer_7-8-25,Feed,rejected,ad,MW_24-55_EN_Feed_NOV8_Sacramento_8PM_Comedy+Events+Max+Media_7-8-25,122.42384768,"7-day click or 1-day view",8.2152629,14902,1.64463084,9061,0.02147363,320,,"Landing page views",75,1.63231797,45,2025-04-01,2025-09-17
US-Sacramento-Traffic-NOV2025-Interest,Interest,"I-CRS - Piss Guy",Feed,not_delivering,ad,Interest,110.69998827,"7-day click or 1-day view",6.63828186,16676,1.34820923,12369,0.10146318,1692,,"Landing page views",1551,0.0713733,,2025-04-01,2025-09-17
US-Sacramento-Traffic-NOV2025-Target,Targeted,"T-CRS - Piss Guy",Feed,not_delivering,ad,Targeted,109.68997265,"7-day click or 1-day view",6.83086142,16058,1.37037037,11718,0.10854403,1743,,"Landing page views",1574,0.06968867,,2025-04-01,2025-09-17
IG_US-Sacramento_SMF_1108_8PM_C25_M/W_LPView_EN_Feed_7-8-25,MW_24-55_EN_Feed_NOV8_Sacramento_8PM_Comedy+Events+Max+Media_7-8-25,Flyer_EN_Sacramento_NOV8_8PM_Flyer_7-8-25,"Instagram Reels",rejected,ad,MW_24-55_EN_Feed_NOV8_Sacramento_8PM_Comedy+Events+Max+Media_7-8-25,97.26100144,"7-day click or 1-day view",6.65305434,14619,1.60560132,9105,0.01887954,276,,"Landing page views",73,1.33234249,64,2025-04-01,2025-09-17
FB_US_Sacramento_SMF_1108_8PM_C25_MW_LPView_EN_Feed_7-8-25,FB_MW_30-50_EN_Feed_NOV8_Sacramento_8PM_Comedy+Events+Max+Media_LD0906,Video_EN_Sacramento_NOV8_8PM_PissGuy_7-8-25,Feed,active,ad,FB_MW_30-50_EN_Feed_NOV8_Sacramento_8PM_Comedy+Events+Max+Media_LD0906,84.1451288,"7-day click or 1-day view",6.47718642,12991,1.59731956,8133,0.06943268,902,,"Landing page views",766,0.10985004,47,2025-04-01,2025-09-17
US-Sacramento-Traffic-NOV2025-Interest,Interest,I-Flyer,"Facebook Reels",not_delivering,ad,Interest,80.20007159,"7-day click or 1-day view",5.42258767,14790,1.73652695,8517,0.04624746,684,,"Landing page views",638,0.12570544,,2025-04-01,2025-09-17
US-Sacramento-Traffic-NOV2025-Interest,Interest,I-Flyer,Feed,not_delivering,ad,Interest,76.92966089,"7-day click or 1-day view",5.00322977,15376,1.7181808,8949,0.03733091,574,,"Landing page views",515,0.14937798,,2025-04-01,2025-09-17
IG_US-Sacramento_SMF_1108_8PM_C25_M/W_LPView_EN_Feed_7-8-25,IG_MW_24-55_EN_Feed_NOV8_Sacramento_8PM_Engagemnt_LD0906,"Video_EN_Sacramento_NOV8_8PM_PissGuy_7-8-25 - Copy",Feed,active,ad,IG_MW_24-55_EN_Feed_NOV8_Sacramento_8PM_Engagemnt_LD0906,67.19448848,"7-day click or 1-day view",6.72012086,9999,1.58865586,6294,0.07890789,789,,"Landing page views",615,0.10925933,,2025-04-01,2025-09-17
US-Sacramento-Traffic-NOV2025-Interest,Interest,I-Flyer,"Instagram Reels",not_delivering,ad,Interest,41.02515197,"7-day click or 1-day view",5.11663158,8018,1.53925897,5209,0.04602145,369,,"Landing page views",302,0.13584487,,2025-04-01,2025-09-17
IG_US-Sacramento_SMF_1108_8PM_C25_M/W_LPView_EN_Feed_7-8-25,MW_24-55_EN_Feed_NOV8_Sacramento_8PM_Comedy+Events+Max+Media_7-8-25,"Video_EN_Sacramento_NOV8_8PM_PissGuy_7-8-25 - Copy","Instagram Reels",inactive,ad,MW_24-55_EN_Feed_NOV8_Sacramento_8PM_Comedy+Events+Max+Media_7-8-25,40.51,"7-day click or 1-day view",5.4107119,7487,1.43759601,5208,0.05075464,380,,"Landing page views",287,0.14114983,,2025-04-01,2025-09-17
US-Sacramento-Traffic-NOV2025-Interest,Interest,I-Flyer,"Instagram Stories",not_delivering,ad,Interest,34.77436699,"7-day click or 1-day view",5.6728168,6130,1.56497319,3917,0.04453507,273,,"Landing page views",248,0.14021922,,2025-04-01,2025-09-17
FB_US_Sacramento_SMF_1108_8PM_C25_MW_LPView_EN_Feed_7-8-25,FB_MW_30-50_EN_Feed_NOV8_Sacramento_8PM_Comedy+Events+Max+Media_LD0906,CRS_EN_Sacramento_NOV8_8PM_PissGuy_7-8-25,"Facebook Reels",not_delivering,ad,FB_MW_30-50_EN_Feed_NOV8_Sacramento_8PM_Comedy+Events+Max+Media_LD0906,19.552787,"7-day click or 1-day view",8.27456073,2363,1.25158898,1888,0.0232755,55,,"Landing page views",6,3.25879783,3,2025-04-01,2025-09-17
FB_US_Sacramento_SMF_1108_8PM_C25_MW_LPView_EN_Feed_7-8-25,FB_MW_30-50_EN_Feed_NOV8_Sacramento_8PM_Comedy+Events+Max+Media_LD0906,Video_EN_Sacramento_NOV8_8PM_PissGuy_7-8-25,"Facebook Reels",active,ad,FB_MW_30-50_EN_Feed_NOV8_Sacramento_8PM_Comedy+Events+Max+Media_LD0906,17.69261787,"7-day click or 1-day view",5.38588063,3285,1.26833977,2590,0.06788432,223,,"Landing page views",187,0.09461293,74,2025-04-01,2025-09-17
IG_US-Sacramento_SMF_1108_8PM_C25_M/W_LPView_EN_Feed_7-8-25,MW_24-55_EN_Feed_NOV8_Sacramento_8PM_Comedy+Events+Max+Media_7-8-25,CRS_EN_Sacramento_NOV8_8PM_PissGuy_7-8-25,Feed,inactive,ad,MW_24-55_EN_Feed_NOV8_Sacramento_8PM_Comedy+Events+Max+Media_7-8-25,16.14,"7-day click or 1-day view",9.72289157,1660,1.33979015,1239,0.01927711,32,,"Landing page views",2,8.07,4,2025-04-01,2025-09-17
IG_US-Sacramento_SMF_1108_8PM_C25_M/W_LPView_EN_Feed_7-8-25,MW_24-55_EN_Feed_NOV8_Sacramento_8PM_Comedy+Events+Max+Media_7-8-25,"Video_EN_Sacramento_NOV8_8PM_PissGuy_7-8-25 - Copy","Instagram Stories",inactive,ad,MW_24-55_EN_Feed_NOV8_Sacramento_8PM_Comedy+Events+Max+Media_7-8-25,15.92,"7-day click or 1-day view",6.84142673,2327,1.28991131,1804,0.04941985,115,,"Landing page views",62,0.25677419,,2025-04-01,2025-09-17
FB_US_Sacramento_NOV8_8PM_C25_W_AW_EN_Feed_6-28-25,W_30-50_EN_Feed_NOV8_Sacramento_8PM_6-28-25,Flyer_EN_SAC_NOV8_8PM_MaxName_6-28-25,"Ads on Reels",not_delivering,ad,W_30-50_EN_Feed_NOV8_Sacramento_8PM_6-28-25,14.81920447,"7-day click or 1-day view",0.88870791,16675,1.07152037,15562,0.00107946,18,,Reach,15562,0.95226863,1,2025-04-01,2025-09-17
IG_US-Sacramento_SMF_1108_8PM_C25_M/W_LPView_EN_Feed_7-8-25,IG_MW_24-55_EN_Feed_NOV8_Sacramento_8PM_Engagemnt_LD0906,"Video_EN_Sacramento_NOV8_8PM_PissGuy_7-8-25 - Copy","Instagram Reels",active,ad,IG_MW_24-55_EN_Feed_NOV8_Sacramento_8PM_Engagemnt_LD0906,14.60706191,"7-day click or 1-day view",4.90828693,2976,1.25305263,2375,0.04704301,140,,"Landing page views",134,0.10900792,,2025-04-01,2025-09-17
FB_US_Sacramento_NOV8_8PM_C25_M_AW_EN_Feed_6-28-25,W_30-50_EN_Feed_NOV8_Sacramento_8PM_6-28-25,Flyer_EN_SAC_NOV8_8PM_MaxName_6-28-25,"Ads on Reels",not_delivering,ad,W_30-50_EN_Feed_NOV8_Sacramento_8PM_6-28-25,13.59953518,"7-day click or 1-day view",0.58704719,23166,1.10298529,21003,0.000777,18,,Reach,21003,0.64750441,,2025-04-01,2025-09-17
IG_US_Sacramento_Nov8_8PM_C25_M_AW_EN_Feed_6-28-25,W_21-45_EN_Feed_NOV8_Sacramento_8PM_6-28-25,Flyer_EN_SAC_NOV8_8PM_MaxName_6-28-25,"Instagram Reels",not_delivering,ad,W_21-45_EN_Feed_NOV8_Sacramento_8PM_6-28-25,9.02708867,"7-day click or 1-day view",2.33862401,3860,1,3860,0.00129534,5,,Reach,3860,2.33862401,,2025-04-01,2025-09-17
US-Sacramento-Traffic-NOV2025-Interest,Interest,"I-video - Piss Guy",Feed,not_delivering,ad,Interest,8.50577922,"7-day click or 1-day view",8.94403704,951,1.13755981,836,0.08727655,83,,"Landing page views",75,0.11341039,,2025-04-01,2025-09-17
IG_US-Sacramento_SMF_1108_8PM_C25_M/W_LPView_EN_Feed_7-8-25,MW_24-55_EN_Feed_NOV8_Sacramento_8PM_Comedy+Events+Max+Media_7-8-25,CRS_EN_Sacramento_NOV8_8PM_PissGuy_7-8-25,"Instagram Stories",inactive,ad,MW_24-55_EN_Feed_NOV8_Sacramento_8PM_Comedy+Events+Max+Media_7-8-25,7.82,"7-day click or 1-day view",11.95718654,654,1.20887246,541,0.03363914,22,,"Landing page views",1,7.82,1,2025-04-01,2025-09-17
IG_US-Sacramento_SMF_1108_8PM_C25_M/W_LPView_EN_Feed_7-8-25,IG_MW_24-55_EN_Feed_NOV8_Sacramento_8PM_Engagemnt_LD0906,"Video_EN_Sacramento_NOV8_8PM_PissGuy_7-8-25 - Copy","Instagram Stories",active,ad,IG_MW_24-55_EN_Feed_NOV8_Sacramento_8PM_Engagemnt_LD0906,7.76438476,"7-day click or 1-day view",5.95885246,1303,1.19322344,1092,0.06523408,85,,"Landing page views",66,0.11764219,,2025-04-01,2025-09-17
FB_US_Sacramento_NOV8_8PM_C25_W_AW_EN_Feed_6-28-25,W_30-50_EN_Feed_NOV8_Sacramento_8PM_6-28-25,CRS_EN_SAC_NOV8_8PM_PissGuy_6-28-25,Feed,not_delivering,ad,W_30-50_EN_Feed_NOV8_Sacramento_8PM_6-28-25,7.71428571,"7-day click or 1-day view",2.78293135,2772,1.00653595,2754,0.002886,8,,Reach,2754,2.80112045,,2025-04-01,2025-09-17
IG_US_Sacramento_Nov8_8PM_C25_W_AW_EN_Feed_6-28-25,W_21-45_EN_Feed_NOV8_Sacramento_8PM_6-28-25,Video_EN_SAC_NOV8_8PM_FrenchPersian_6-28-25,"Instagram Stories",not_delivering,ad,W_21-45_EN_Feed_NOV8_Sacramento_8PM_6-28-25,7.00793951,"7-day click or 1-day view",2.44434583,2867,1.0202847,2810,0.00069759,2,,Reach,2810,2.49392865,,2025-04-01,2025-09-17
IG_US_Sacramento_Nov8_8PM_C25_W_AW_EN_Feed_6-28-25,W_21-45_EN_Feed_NOV8_Sacramento_8PM_6-28-25,Video_EN_SAC_NOV8_8PM_FrenchPersian_6-28-25,"Instagram Reels",not_delivering,ad,W_21-45_EN_Feed_NOV8_Sacramento_8PM_6-28-25,6.94787146,"7-day click or 1-day view",2.4233943,2867,1.01738822,2818,0.00139519,4,,Reach,2818,2.46553281,1,2025-04-01,2025-09-17
IG_US-Sacramento_SMF_1108_8PM_C25_M/W_LPView_EN_Feed_7-8-25,MW_24-55_EN_Feed_NOV8_Sacramento_8PM_Comedy+Events+Max+Media_7-8-25,"Video_EN_Sacramento_NOV8_8PM_PissGuy_7-8-25 - Copy",Explore,inactive,ad,MW_24-55_EN_Feed_NOV8_Sacramento_8PM_Comedy+Events+Max+Media_7-8-25,6.91,"7-day click or 1-day view",5.38161994,1284,1.3375,960,0.05529595,71,,"Landing page views",38,0.18184211,,2025-04-01,2025-09-17
FB_US_Sacramento_NOV8_8PM_C25_M_AW_EN_Feed_6-28-25,W_30-50_EN_Feed_NOV8_Sacramento_8PM_6-28-25,Video_EN_SAC_NOV8_8PM_FrenchPersian_6-28-25,Feed,not_delivering,ad,W_30-50_EN_Feed_NOV8_Sacramento_8PM_6-28-25,6.81,"7-day click or 1-day view",3.09123922,2203,1.00639561,2189,0.00090785,2,,Reach,2189,3.11100959,,2025-04-01,2025-09-17
US-Sacramento-Traffic-NOV2025-Target,Targeted,"T-video - Piss Guy",Feed,not_delivering,ad,Targeted,6.65084746,"7-day click or 1-day view",7.60096852,875,1.25358166,698,0.11314286,99,,"Landing page views",87,0.07644652,,2025-04-01,2025-09-17
IG_US_Sacramento_Nov8_8PM_C25_W_AW_EN_Feed_6-28-25,W_21-45_EN_Feed_NOV8_Sacramento_8PM_6-28-25,Video_EN_SAC_NOV8_8PM_FrenchPersian_6-28-25,Explore,not_delivering,ad,W_21-45_EN_Feed_NOV8_Sacramento_8PM_6-28-25,6.49736106,"7-day click or 1-day view",2.4046488,2702,1.00148258,2698,0.0003701,1,,Reach,2698,2.40821388,,2025-04-01,2025-09-17
IG_US_Sacramento_Nov8_8PM_C25_M_AW_EN_Feed_6-28-25,W_21-45_EN_Feed_NOV8_Sacramento_8PM_6-28-25,Flyer_EN_SAC_NOV8_8PM_MaxName_6-28-25,"Explore home",not_delivering,ad,W_21-45_EN_Feed_NOV8_Sacramento_8PM_6-28-25,5.96128497,"7-day click or 1-day view",2.13360235,2794,1.05513595,2648,0.00035791,1,,Reach,2648,2.25124055,1,2025-04-01,2025-09-17
FB_US_Sacramento_SMF_1108_8PM_C25_MW_LPView_EN_Feed_7-8-25,FB_MW_30-50_EN_Feed_NOV8_Sacramento_8PM_Comedy+Events+Max+Media_LD0906,"Flyer_EN_Sacramento_NOV8_8PM_Flyer_7-8-25 - Copy","Facebook Reels",active,ad,FB_MW_30-50_EN_Feed_NOV8_Sacramento_8PM_Comedy+Events+Max+Media_LD0906,5.95191575,"7-day click or 1-day view",5.0439964,1180,1.23819517,953,0.07457627,88,,"Landing page views",105,0.05668491,117,2025-04-01,2025-09-17
FB_US_Sacramento_NOV8_8PM_C25_M_AW_EN_Feed_6-28-25,W_30-50_EN_Feed_NOV8_Sacramento_8PM_6-28-25,Video_EN_SAC_NOV8_8PM_PissGuy_6-27-25,Feed,not_delivering,ad,W_30-50_EN_Feed_NOV8_Sacramento_8PM_6-28-25,5.9175,"7-day click or 1-day view",2.98562059,1982,1.01381074,1955,0,,,Reach,1955,3.02685422,,2025-04-01,2025-09-17
IG_US_Sacramento_Nov8_8PM_C25_M_AW_EN_Feed_6-28-25,W_21-45_EN_Feed_NOV8_Sacramento_8PM_6-28-25,Video_EN_SAC_NOV8_8PM_FrenchPersian_6-28-25,"Instagram Reels",not_delivering,ad,W_21-45_EN_Feed_NOV8_Sacramento_8PM_6-28-25,5.41323952,"7-day click or 1-day view",2.26685072,2388,1.01877133,2344,0.00167504,4,,Reach,2344,2.30940253,1,2025-04-01,2025-09-17
FB_US_Sacramento_NOV8_8PM_C25_W_AW_EN_Feed_6-28-25,W_30-50_EN_Feed_NOV8_Sacramento_8PM_6-28-25,CRS_EN_SAC_NOV8_8PM_Big_6-28-25,Feed,not_delivering,ad,W_30-50_EN_Feed_NOV8_Sacramento_8PM_6-28-25,5.31608498,"7-day click or 1-day view",3.02050283,1760,1.01033295,1742,0.00170455,3,,Reach,1742,3.05171353,,2025-04-01,2025-09-17
IG_US_Sacramento_Nov8_8PM_C25_W_AW_EN_Feed_6-28-25,W_21-45_EN_Feed_NOV8_Sacramento_8PM_6-28-25,Video_EN_SAC_NOV8_8PM_Big_6-28-25,"Instagram Stories",not_delivering,ad,W_21-45_EN_Feed_NOV8_Sacramento_8PM_6-28-25,5.01309068,"7-day click or 1-day view",2.33710521,2145,1.00562588,2133,0.002331,5,,Reach,2133,2.35025349,,2025-04-01,2025-09-17
IG_US_Sacramento_Nov8_8PM_C25_M_AW_EN_Feed_6-28-25,W_21-45_EN_Feed_NOV8_Sacramento_8PM_6-28-25,Video_EN_SAC_NOV8_8PM_FrenchPersian_6-28-25,"Instagram Stories",not_delivering,ad,W_21-45_EN_Feed_NOV8_Sacramento_8PM_6-28-25,4.99298802,"7-day click or 1-day view",2.22305789,2246,1,2246,0.00044524,1,,Reach,2246,2.22305789,,2025-04-01,2025-09-17
FB_US_Sacramento_NOV8_8PM_C25_M_AW_EN_Feed_6-28-25,W_30-50_EN_Feed_NOV8_Sacramento_8PM_6-28-25,Video_EN_SAC_NOV8_8PM_Big_6-28-25,Feed,not_delivering,ad,W_30-50_EN_Feed_NOV8_Sacramento_8PM_6-28-25,4.57142857,"7-day click or 1-day view",3.17680929,1439,1.00982456,1425,0,,,Reach,1425,3.20802005,,2025-04-01,2025-09-17
IG_US_Sacramento_Nov8_8PM_C25_M_AW_EN_Feed_6-28-25,W_21-45_EN_Feed_NOV8_Sacramento_8PM_6-28-25,Video_EN_SAC_NOV8_8PM_PissGuy_6-28-25,"Instagram Stories",not_delivering,ad,W_21-45_EN_Feed_NOV8_Sacramento_8PM_6-28-25,4.44865497,"7-day click or 1-day view",2.36253583,1883,1.00533903,1873,0.00212427,4,,Reach,1873,2.37514948,,2025-04-01,2025-09-17
IG_US_Sacramento_Nov8_8PM_C25_M_AW_EN_Feed_6-28-25,W_21-45_EN_Feed_NOV8_Sacramento_8PM_6-28-25,Video_EN_SAC_NOV8_8PM_FrenchPersian_6-28-25,Explore,not_delivering,ad,W_21-45_EN_Feed_NOV8_Sacramento_8PM_6-28-25,4.2625509,"7-day click or 1-day view",2.41641207,1764,1,1764,0,,,Reach,1764,2.41641207,,2025-04-01,2025-09-17
IG_US-Sacramento_SMF_1108_8PM_C25_M/W_LPView_EN_Feed_7-8-25,IG_MW_24-55_EN_Feed_NOV8_Sacramento_8PM_Engagemnt_LD0906,Flyer_EN_Sacramento_NOV8_8PM_Flyer_7-8-25,Feed,active,ad,IG_MW_24-55_EN_Feed_NOV8_Sacramento_8PM_Engagemnt_LD0906,4.23736292,"7-day click or 1-day view",4.68734837,904,1.13283208,798,0.03761062,34,,"Landing page views",28,0.15133439,62,2025-04-01,2025-09-17
IG_US_Sacramento_Nov8_8PM_C25_W_AW_EN_Feed_6-28-25,W_21-45_EN_Feed_NOV8_Sacramento_8PM_6-28-25,Video_EN_SAC_NOV8_8PM_PissGuy_6-28-25,"Instagram Stories",not_delivering,ad,W_21-45_EN_Feed_NOV8_Sacramento_8PM_6-28-25,4.18792417,"7-day click or 1-day view",2.39036768,1752,1.00286205,1747,0.00171233,3,,Reach,1747,2.39720903,,2025-04-01,2025-09-17
FB_US_Sacramento_NOV8_8PM_C25_W_AW_EN_Feed_6-28-25,W_30-50_EN_Feed_NOV8_Sacramento_8PM_6-28-25,Video_EN_SAC_NOV8_8PM_PissGuy_6-27-25,Feed,not_delivering,ad,W_30-50_EN_Feed_NOV8_Sacramento_8PM_6-28-25,4.16,"7-day click or 1-day view",2.56948734,1619,1.00872274,1605,0.00123533,2,,Reach,1605,2.59190031,,2025-04-01,2025-09-17
FB_US_Sacramento_SMF_1108_8PM_C25_MW_LPView_EN_Feed_7-8-25,FB_MW_30-50_EN_Feed_NOV8_Sacramento_8PM_Comedy+Events+Max+Media_LD0906,"Flyer_EN_Sacramento_NOV8_8PM_Flyer_7-8-25 - Copy",Feed,active,ad,FB_MW_30-50_EN_Feed_NOV8_Sacramento_8PM_Comedy+Events+Max+Media_LD0906,3.92786359,"7-day click or 1-day view",4.06190651,967,1.3301238,727,0.04963806,48,,"Landing page views",46,0.08538834,75,2025-04-01,2025-09-17
IG_US_Sacramento_Nov8_8PM_C25_W_AW_EN_Feed_6-28-25,W_21-45_EN_Feed_NOV8_Sacramento_8PM_6-28-25,Video_EN_SAC_NOV8_8PM_Big_6-28-25,Explore,not_delivering,ad,W_21-45_EN_Feed_NOV8_Sacramento_8PM_6-28-25,3.84236891,"7-day click or 1-day view",2.27224655,1691,1.04254007,1622,0.00059137,1,,Reach,1622,2.36890808,,2025-04-01,2025-09-17
IG_US-Sacramento_SMF_1108_8PM_C25_M/W_LPView_EN_Feed_7-8-25,IG_MW_24-55_EN_Feed_NOV8_Sacramento_8PM_Engagemnt_LD0906,Flyer_EN_Sacramento_NOV8_8PM_Flyer_7-8-25,"Instagram Stories",active,ad,IG_MW_24-55_EN_Feed_NOV8_Sacramento_8PM_Engagemnt_LD0906,3.82664926,"7-day click or 1-day view",5.84221261,655,1.08985025,601,0.04732824,31,,"Landing page views",22,0.1739386,51,2025-04-01,2025-09-17
IG_US_Sacramento_Nov8_8PM_C25_W_AW_EN_Feed_6-28-25,W_21-45_EN_Feed_NOV8_Sacramento_8PM_6-28-25,Video_EN_SAC_NOV8_8PM_Big_6-28-25,"Instagram Reels",not_delivering,ad,W_21-45_EN_Feed_NOV8_Sacramento_8PM_6-28-25,3.67226403,"7-day click or 1-day view",2.57341558,1427,1,1427,0.00070077,1,,Reach,1427,2.57341558,,2025-04-01,2025-09-17
IG_US_Sacramento_Nov8_8PM_C25_M_AW_EN_Feed_6-28-25,W_21-45_EN_Feed_NOV8_Sacramento_8PM_6-28-25,Video_EN_SAC_NOV8_8PM_Big_6-28-25,"Instagram Stories",not_delivering,ad,W_21-45_EN_Feed_NOV8_Sacramento_8PM_6-28-25,3.48059003,"7-day click or 1-day view",2.48791282,1399,1.00286738,1395,0.00142959,2,,Reach,1395,2.49504662,,2025-04-01,2025-09-17
IG_US-Sacramento_SMF_1108_8PM_C25_M/W_LPView_EN_Feed_7-8-25,IG_MW_24-55_EN_Feed_NOV8_Sacramento_8PM_Engagemnt_LD0906,Flyer_EN_Sacramento_NOV8_8PM_Flyer_7-8-25,"Instagram Reels",active,ad,IG_MW_24-55_EN_Feed_NOV8_Sacramento_8PM_Engagemnt_LD0906,3.38588338,"7-day click or 1-day view",5.13791104,659,1.07504078,613,0.03793627,25,,"Landing page views",20,0.16929417,38,2025-04-01,2025-09-17
IG_US_Sacramento_Nov8_8PM_C25_W_AW_EN_Feed_6-28-25,W_21-45_EN_Feed_NOV8_Sacramento_8PM_6-28-25,Video_EN_SAC_NOV8_8PM_FrenchPersian_6-28-25,"Explore home",not_delivering,ad,W_21-45_EN_Feed_NOV8_Sacramento_8PM_6-28-25,3.28372023,"7-day click or 1-day view",2.02199521,1624,1.05181347,1544,0,,,Reach,1544,2.1267618,,2025-04-01,2025-09-17
IG_US_Sacramento_Nov8_8PM_C25_W_AW_EN_Feed_6-28-25,W_21-45_EN_Feed_NOV8_Sacramento_8PM_6-28-25,Video_EN_SAC_NOV8_8PM_PissGuy_6-28-25,Explore,not_delivering,ad,W_21-45_EN_Feed_NOV8_Sacramento_8PM_6-28-25,3.13593365,"7-day click or 1-day view",2.06855782,1516,1.01676727,1491,0.00131926,2,,Reach,1491,2.10324188,,2025-04-01,2025-09-17
US-Sacramento-Traffic-NOV2025-Interest,Interest,I-Flyer,"Facebook Stories",not_delivering,ad,Interest,3.04038181,"7-day click or 1-day view",6.06862637,501,1.40730337,356,0.03792415,19,,"Landing page views",16,0.19002386,,2025-04-01,2025-09-17
IG_US_Sacramento_Nov8_8PM_C25_M_AW_EN_Feed_6-28-25,W_21-45_EN_Feed_NOV8_Sacramento_8PM_6-28-25,Video_EN_SAC_NOV8_8PM_Big_6-28-25,"Instagram Reels",not_delivering,ad,W_21-45_EN_Feed_NOV8_Sacramento_8PM_6-28-25,2.77845371,"7-day click or 1-day view",2.4076722,1154,1,1154,0.00086655,1,,Reach,1154,2.4076722,,2025-04-01,2025-09-17
IG_US_Sacramento_Nov8_8PM_C25_M_AW_EN_Feed_6-28-25,W_21-45_EN_Feed_NOV8_Sacramento_8PM_6-28-25,Flyer_EN_SAC_NOV8_8PM_MaxName_6-28-25,Feed,not_delivering,ad,W_21-45_EN_Feed_NOV8_Sacramento_8PM_6-28-25,2.74519678,"7-day click or 1-day view",2.30882824,1189,1,1189,0,,,Reach,1189,2.30882824,,2025-04-01,2025-09-17
IG_US_Sacramento_Nov8_8PM_C25_W_AW_EN_Feed_6-28-25,W_21-45_EN_Feed_NOV8_Sacramento_8PM_6-28-25,Video_EN_SAC_NOV8_8PM_FrenchPersian_6-28-25,Feed,not_delivering,ad,W_21-45_EN_Feed_NOV8_Sacramento_8PM_6-28-25,2.74310775,"7-day click or 1-day view",2.24660749,1221,1,1221,0.002457,3,,Reach,1221,2.24660749,,2025-04-01,2025-09-17
IG_US_Sacramento_Nov8_8PM_C25_M_AW_EN_Feed_6-28-25,W_21-45_EN_Feed_NOV8_Sacramento_8PM_6-28-25,Video_EN_SAC_NOV8_8PM_PissGuy_6-28-25,Explore,not_delivering,ad,W_21-45_EN_Feed_NOV8_Sacramento_8PM_6-28-25,2.72530214,"7-day click or 1-day view",2.25231582,1210,1.01001669,1198,0.00082645,1,,Reach,1198,2.27487658,,2025-04-01,2025-09-17
IG_US-Sacramento_SMF_1108_8PM_C25_M/W_LPView_EN_Feed_7-8-25,MW_24-55_EN_Feed_NOV8_Sacramento_8PM_Comedy+Events+Max+Media_7-8-25,Flyer_EN_Sacramento_NOV8_8PM_Flyer_7-8-25,Explore,rejected,ad,MW_24-55_EN_Feed_NOV8_Sacramento_8PM_Comedy+Events+Max+Media_7-8-25,2.63029752,"7-day click or 1-day view",5.74300768,458,1.145,400,0.01528384,7,,"Landing page views",3,0.87676584,6,2025-04-01,2025-09-17
FB_US_Sacramento_NOV8_8PM_C25_M_AW_EN_Feed_6-28-25,W_30-50_EN_Feed_NOV8_Sacramento_8PM_6-28-25,CRS_EN_SAC_NOV8_8PM_PissGuy_6-28-25,Feed,not_delivering,ad,W_30-50_EN_Feed_NOV8_Sacramento_8PM_6-28-25,2.55,"7-day click or 1-day view",3.61189802,706,1.00284091,704,0,,,Reach,704,3.62215909,,2025-04-01,2025-09-17
FB_US_Sacramento_NOV8_8PM_C25_M_AW_EN_Feed_6-28-25,W_30-50_EN_Feed_NOV8_Sacramento_8PM_6-28-25,CRS_EN_SAC_NOV8_8PM_Big_6-28-25,Feed,not_delivering,ad,W_30-50_EN_Feed_NOV8_Sacramento_8PM_6-28-25,2.47,"7-day click or 1-day view",2.78153153,888,1.01485714,875,0.00337838,3,,Reach,875,2.82285714,,2025-04-01,2025-09-17
FB_US_Sacramento_NOV8_8PM_C25_W_AW_EN_Feed_6-28-25,W_30-50_EN_Feed_NOV8_Sacramento_8PM_6-28-25,Video_EN_SAC_NOV8_8PM_Big_6-28-25,Feed,not_delivering,ad,W_30-50_EN_Feed_NOV8_Sacramento_8PM_6-28-25,2.44719101,"7-day click or 1-day view",2.3262272,1052,1.00381679,1048,0,,,Reach,1048,2.33510593,,2025-04-01,2025-09-17
IG_US_Sacramento_Nov8_8PM_C25_M_AW_EN_Feed_6-28-25,W_21-45_EN_Feed_NOV8_Sacramento_8PM_6-28-25,Video_EN_SAC_NOV8_8PM_Big_6-28-25,Explore,not_delivering,ad,W_21-45_EN_Feed_NOV8_Sacramento_8PM_6-28-25,2.28695829,"7-day click or 1-day view",2.22034786,1030,1.00980392,1020,0.00194175,2,,Reach,1020,2.24211597,,2025-04-01,2025-09-17
IG_US_Sacramento_Nov8_8PM_C25_M_AW_EN_Feed_6-28-25,W_21-45_EN_Feed_NOV8_Sacramento_8PM_6-28-25,Video_EN_SAC_NOV8_8PM_PissGuy_6-28-25,"Instagram Reels",not_delivering,ad,W_21-45_EN_Feed_NOV8_Sacramento_8PM_6-28-25,2.27442495,"7-day click or 1-day view",2.2232893,1023,1.00097847,1022,0.00097752,1,,Reach,1022,2.22546473,,2025-04-01,2025-09-17
IG_US-Sacramento_SMF_1108_8PM_C25_M/W_LPView_EN_Feed_7-8-25,IG_MW_24-55_EN_Feed_NOV8_Sacramento_8PM_Engagemnt_LD0906,"Video_EN_Sacramento_NOV8_8PM_PissGuy_7-8-25 - Copy",Explore,active,ad,IG_MW_24-55_EN_Feed_NOV8_Sacramento_8PM_Engagemnt_LD0906,2.19406485,"7-day click or 1-day view",4.89746619,448,1.18832891,377,0.078125,35,,"Landing page views",19,0.1154771,,2025-04-01,2025-09-17
IG_US_Sacramento_Nov8_8PM_C25_M_AW_EN_Feed_6-28-25,W_21-45_EN_Feed_NOV8_Sacramento_8PM_6-28-25,Video_EN_SAC_NOV8_8PM_FrenchPersian_6-28-25,Feed,not_delivering,ad,W_21-45_EN_Feed_NOV8_Sacramento_8PM_6-28-25,2.04122156,"7-day click or 1-day view",2.64749878,771,1,771,0,,,Reach,771,2.64749878,,2025-04-01,2025-09-17
IG_US_Sacramento_Nov8_8PM_C25_W_AW_EN_Feed_6-28-25,W_21-45_EN_Feed_NOV8_Sacramento_8PM_6-28-25,Video_EN_SAC_NOV8_8PM_Big_6-28-25,Feed,not_delivering,ad,W_21-45_EN_Feed_NOV8_Sacramento_8PM_6-28-25,1.88115978,"7-day click or 1-day view",2.20276321,854,1,854,0.00117096,1,,Reach,854,2.20276321,,2025-04-01,2025-09-17
IG_US_Sacramento_Nov8_8PM_C25_M_AW_EN_Feed_6-28-25,W_21-45_EN_Feed_NOV8_Sacramento_8PM_6-28-25,Flyer_EN_SAC_NOV8_8PM_MaxName_6-28-25,"Instagram Stories",not_delivering,ad,W_21-45_EN_Feed_NOV8_Sacramento_8PM_6-28-25,1.8735467,"7-day click or 1-day view",2.26273757,828,1,828,0.00120773,1,,Reach,828,2.26273757,,2025-04-01,2025-09-17
IG_US_Sacramento_Nov8_8PM_C25_W_AW_EN_Feed_6-28-25,W_21-45_EN_Feed_NOV8_Sacramento_8PM_6-28-25,Video_EN_SAC_NOV8_8PM_Big_6-28-25,"Explore home",not_delivering,ad,W_21-45_EN_Feed_NOV8_Sacramento_8PM_6-28-25,1.81111659,"7-day click or 1-day view",1.98587346,912,1.02242152,892,0.00109649,1,,Reach,892,2.03039977,,2025-04-01,2025-09-17
IG_US_Sacramento_Nov8_8PM_C25_W_AW_EN_Feed_6-28-25,W_21-45_EN_Feed_NOV8_Sacramento_8PM_6-28-25,Video_EN_SAC_NOV8_8PM_PissGuy_6-28-25,"Instagram Reels",not_delivering,ad,W_21-45_EN_Feed_NOV8_Sacramento_8PM_6-28-25,1.70322275,"7-day click or 1-day view",2.40908451,707,1,707,0,,,Reach,707,2.40908451,,2025-04-01,2025-09-17
IG_US_Sacramento_Nov8_8PM_C25_W_AW_EN_Feed_6-28-25,W_21-45_EN_Feed_NOV8_Sacramento_8PM_6-28-25,Video_EN_SAC_NOV8_8PM_PissGuy_6-28-25,Feed,not_delivering,ad,W_21-45_EN_Feed_NOV8_Sacramento_8PM_6-28-25,1.54291943,"7-day click or 1-day view",2.4145844,639,1.0015674,638,0,,,Reach,638,2.41836901,,2025-04-01,2025-09-17
IG_US_Sacramento_Nov8_8PM_C25_M_AW_EN_Feed_6-28-25,W_21-45_EN_Feed_NOV8_Sacramento_8PM_6-28-25,Flyer_EN_SAC_NOV8_8PM_MaxName_6-28-25,Explore,not_delivering,ad,W_21-45_EN_Feed_NOV8_Sacramento_8PM_6-28-25,1.52288288,"7-day click or 1-day view",2.38696377,638,1,638,0,,,Reach,638,2.38696377,,2025-04-01,2025-09-17
IG_US_Sacramento_Nov8_8PM_C25_M_AW_EN_Feed_6-28-25,W_21-45_EN_Feed_NOV8_Sacramento_8PM_6-28-25,Video_EN_SAC_NOV8_8PM_Big_6-28-25,Feed,not_delivering,ad,W_21-45_EN_Feed_NOV8_Sacramento_8PM_6-28-25,1.31399797,"7-day click or 1-day view",2.34224236,561,1,561,0.00534759,3,,Reach,561,2.34224236,,2025-04-01,2025-09-17
US-Sacramento-Traffic-NOV2025-Interest,Interest,I-Flyer,"Facebook Notifications",not_delivering,ad,Interest,1.29016202,"7-day click or 1-day view",4.92428252,262,1.14912281,228,0.03816794,10,,"Landing page views",8,0.16127025,,2025-04-01,2025-09-17
FB_US_Sacramento_NOV8_8PM_C25_M_AW_EN_Feed_6-28-25,W_30-50_EN_Feed_NOV8_Sacramento_8PM_6-28-25,Flyer_EN_SAC_NOV8_8PM_MaxName_6-28-25,Feed,not_delivering,ad,W_30-50_EN_Feed_NOV8_Sacramento_8PM_6-28-25,1.28562814,"7-day click or 1-day view",2.47712551,519,1,519,0,,,Reach,519,2.47712551,,2025-04-01,2025-09-17
IG_US_Sacramento_Nov8_8PM_C25_W_AW_EN_Feed_6-28-25,W_21-45_EN_Feed_NOV8_Sacramento_8PM_6-28-25,CRS_EN_SAC_NOV8_8PM_PissGuy_6-28-25,"Instagram Stories",not_delivering,ad,W_21-45_EN_Feed_NOV8_Sacramento_8PM_6-28-25,1.27370262,"7-day click or 1-day view",2.65354713,480,1.00840336,476,0.00208333,1,,Reach,476,2.67584585,,2025-04-01,2025-09-17
IG_US_Sacramento_Nov8_8PM_C25_W_AW_EN_Feed_6-28-25,W_21-45_EN_Feed_NOV8_Sacramento_8PM_6-28-25,CRS_EN_SAC_NOV8_8PM_PissGuy_6-28-25,Feed,not_delivering,ad,W_21-45_EN_Feed_NOV8_Sacramento_8PM_6-28-25,1.18344023,"7-day click or 1-day view",2.52332672,469,1.00213675,468,0,,,Reach,468,2.52871845,,2025-04-01,2025-09-17
FB_US_Sacramento_NOV8_8PM_C25_W_AW_EN_Feed_6-28-25,W_30-50_EN_Feed_NOV8_Sacramento_8PM_6-28-25,CRS_EN_SAC_NOV8_8PM_Big_6-28-25,Marketplace,not_delivering,ad,W_30-50_EN_Feed_NOV8_Sacramento_8PM_6-28-25,1.15349014,"7-day click or 1-day view",1.59763177,722,1.02556818,704,0.00138504,1,,Reach,704,1.63848031,,2025-04-01,2025-09-17
FB_US_Sacramento_NOV8_8PM_C25_W_AW_EN_Feed_6-28-25,W_30-50_EN_Feed_NOV8_Sacramento_8PM_6-28-25,Video_EN_SAC_NOV8_8PM_PissGuy_6-27-25,Marketplace,not_delivering,ad,W_30-50_EN_Feed_NOV8_Sacramento_8PM_6-28-25,1.12,"7-day click or 1-day view",2.13740458,524,1.0781893,486,0,,,Reach,486,2.30452675,,2025-04-01,2025-09-17
FB_US_Sacramento_NOV8_8PM_C25_M_AW_EN_Feed_6-28-25,W_30-50_EN_Feed_NOV8_Sacramento_8PM_6-28-25,Video_EN_SAC_NOV8_8PM_FrenchPersian_6-28-25,"Facebook Reels",not_delivering,ad,W_30-50_EN_Feed_NOV8_Sacramento_8PM_6-28-25,1.09,"7-day click or 1-day view",3.4384858,317,1.00634921,315,0,,,Reach,315,3.46031746,,2025-04-01,2025-09-17
FB_US_Sacramento_SMF_1108_8PM_C25_MW_LPView_EN_Feed_7-8-25,FB_MW_30-50_EN_Feed_NOV8_Sacramento_8PM_Comedy+Events+Max+Media_LD0906,Video_EN_Sacramento_NOV8_8PM_PissGuy_7-8-25,"Facebook profile feed",active,ad,FB_MW_30-50_EN_Feed_NOV8_Sacramento_8PM_Comedy+Events+Max+Media_LD0906,1.06195781,"7-day click or 1-day view",3.23767625,328,1.12328767,292,0.03658537,12,,"Landing page views",8,0.13274473,,2025-04-01,2025-09-17
FB_US_Sacramento_NOV8_8PM_C25_W_AW_EN_Feed_6-28-25,W_30-50_EN_Feed_NOV8_Sacramento_8PM_6-28-25,CRS_EN_SAC_NOV8_8PM_PissGuy_6-28-25,Marketplace,not_delivering,ad,W_30-50_EN_Feed_NOV8_Sacramento_8PM_6-28-25,1.03459821,"7-day click or 1-day view",2.37293168,436,1.03809524,420,0,,,Reach,420,2.46332908,,2025-04-01,2025-09-17
FB_US_Sacramento_NOV8_8PM_C25_W_AW_EN_Feed_6-28-25,W_30-50_EN_Feed_NOV8_Sacramento_8PM_6-28-25,Flyer_EN_SAC_NOV8_8PM_MaxName_6-28-25,Feed,not_delivering,ad,W_30-50_EN_Feed_NOV8_Sacramento_8PM_6-28-25,0.99061529,"7-day click or 1-day view",3.50040738,283,1,283,0.00353357,1,,Reach,283,3.50040738,1,2025-04-01,2025-09-17
IG_US_Sacramento_Nov8_8PM_C25_W_AW_EN_Feed_6-28-25,W_21-45_EN_Feed_NOV8_Sacramento_8PM_6-28-25,CRS_EN_SAC_NOV8_8PM_PissGuy_6-28-25,Explore,not_delivering,ad,W_21-45_EN_Feed_NOV8_Sacramento_8PM_6-28-25,0.98285714,"7-day click or 1-day view",2.10461915,467,1.01521739,460,0,,,Reach,460,2.13664596,,2025-04-01,2025-09-17
IG_US_Sacramento_Nov8_8PM_C25_W_AW_EN_Feed_6-28-25,W_21-45_EN_Feed_NOV8_Sacramento_8PM_6-28-25,Flyer_EN_SAC_NOV8_8PM_MaxName_6-28-25,"Instagram Reels",not_delivering,ad,W_21-45_EN_Feed_NOV8_Sacramento_8PM_6-28-25,0.95618893,"7-day click or 1-day view",2.47077242,387,1.00259067,386,0.00258398,1,,Reach,386,2.47717338,1,2025-04-01,2025-09-17
FB_US_Sacramento_NOV8_8PM_C25_M_AW_EN_Feed_6-28-25,W_30-50_EN_Feed_NOV8_Sacramento_8PM_6-28-25,Video_EN_SAC_NOV8_8PM_FrenchPersian_6-28-25,Marketplace,not_delivering,ad,W_30-50_EN_Feed_NOV8_Sacramento_8PM_6-28-25,0.92,"7-day click or 1-day view",2.71386431,339,1.02416918,331,0,,,Reach,331,2.77945619,,2025-04-01,2025-09-17
FB_US_Sacramento_NOV8_8PM_C25_M_AW_EN_Feed_6-28-25,W_30-50_EN_Feed_NOV8_Sacramento_8PM_6-28-25,Video_EN_SAC_NOV8_8PM_PissGuy_6-27-25,"Facebook Reels",not_delivering,ad,W_30-50_EN_Feed_NOV8_Sacramento_8PM_6-28-25,0.89112944,"7-day click or 1-day view",3.16003348,282,1.00355872,281,0,,,Reach,281,3.17127915,,2025-04-01,2025-09-17
US-Sacramento-Traffic-NOV2025-Interest,Interest,I-Flyer,"Ads on Reels",not_delivering,ad,Interest,0.86010801,"7-day click or 1-day view",1.27423409,675,2.16346154,312,0.01037037,7,,"Landing page views",5,0.1720216,,2025-04-01,2025-09-17
IG_US_Sacramento_Nov8_8PM_C25_M_AW_EN_Feed_6-28-25,W_21-45_EN_Feed_NOV8_Sacramento_8PM_6-28-25,Video_EN_SAC_NOV8_8PM_PissGuy_6-28-25,Feed,not_delivering,ad,W_21-45_EN_Feed_NOV8_Sacramento_8PM_6-28-25,0.83161793,"7-day click or 1-day view",2.14334519,388,1.00258398,387,0.00773196,3,,Reach,387,2.14888355,,2025-04-01,2025-09-17
FB_US_Sacramento_NOV8_8PM_C25_M_AW_EN_Feed_6-28-25,W_30-50_EN_Feed_NOV8_Sacramento_8PM_6-28-25,Video_EN_SAC_NOV8_8PM_Big_6-28-25,"Facebook Reels",not_delivering,ad,W_30-50_EN_Feed_NOV8_Sacramento_8PM_6-28-25,0.82285714,"7-day click or 1-day view",3.72333549,221,1,221,0,,,Reach,221,3.72333549,,2025-04-01,2025-09-17
FB_US_Sacramento_NOV8_8PM_C25_W_AW_EN_Feed_6-28-25,W_30-50_EN_Feed_NOV8_Sacramento_8PM_6-28-25,Video_EN_SAC_NOV8_8PM_Big_6-28-25,Marketplace,not_delivering,ad,W_30-50_EN_Feed_NOV8_Sacramento_8PM_6-28-25,0.81910112,"7-day click or 1-day view",2.19598156,373,1.04775281,356,0.00268097,1,,Reach,356,2.30084585,,2025-04-01,2025-09-17
FB_US_Sacramento_NOV8_8PM_C25_M_AW_EN_Feed_6-28-25,W_30-50_EN_Feed_NOV8_Sacramento_8PM_6-28-25,Video_EN_SAC_NOV8_8PM_PissGuy_6-27-25,Marketplace,not_delivering,ad,W_30-50_EN_Feed_NOV8_Sacramento_8PM_6-28-25,0.77097716,"7-day click or 1-day view",3.1727455,243,1.0210084,238,0.00411523,1,,Reach,238,3.23939982,,2025-04-01,2025-09-17
IG_US_Sacramento_Nov8_8PM_C25_W_AW_EN_Feed_6-28-25,W_21-45_EN_Feed_NOV8_Sacramento_8PM_6-28-25,CRS_EN_SAC_NOV8_8PM_Big_6-28-25,"Instagram Stories",not_delivering,ad,W_21-45_EN_Feed_NOV8_Sacramento_8PM_6-28-25,0.74517483,"7-day click or 1-day view",2.69016182,277,1,277,0,,,Reach,277,2.69016182,,2025-04-01,2025-09-17
IG_US_Sacramento_Nov8_8PM_C25_W_AW_EN_Feed_6-28-25,W_21-45_EN_Feed_NOV8_Sacramento_8PM_6-28-25,Flyer_EN_SAC_NOV8_8PM_MaxName_6-28-25,"Explore home",not_delivering,ad,W_21-45_EN_Feed_NOV8_Sacramento_8PM_6-28-25,0.72469055,"7-day click or 1-day view",1.75895765,412,1.00243309,411,0,,,Reach,411,1.76323736,,2025-04-01,2025-09-17
FB_US_Sacramento_NOV8_8PM_C25_M_AW_EN_Feed_6-28-25,W_30-50_EN_Feed_NOV8_Sacramento_8PM_6-28-25,Video_EN_SAC_NOV8_8PM_Big_6-28-25,Marketplace,not_delivering,ad,W_30-50_EN_Feed_NOV8_Sacramento_8PM_6-28-25,0.69079365,"7-day click or 1-day view",2.34963827,294,1.03886926,283,0,,,Reach,283,2.44096696,,2025-04-01,2025-09-17
FB_US_Sacramento_SMF_1108_8PM_C25_MW_LPView_EN_Feed_7-8-25,FB_MW_30-50_EN_Feed_NOV8_Sacramento_8PM_Comedy+Events+Max+Media_LD0906,CRS_EN_Sacramento_NOV8_8PM_PissGuy_7-8-25,Marketplace,not_delivering,ad,FB_MW_30-50_EN_Feed_NOV8_Sacramento_8PM_Comedy+Events+Max+Media_LD0906,0.66009409,"7-day click or 1-day view",6.60094088,100,2.5,40,0,,,"Landing page views",,,,2025-04-01,2025-09-17
FB_US_Sacramento_NOV8_8PM_C25_M_AW_EN_Feed_6-28-25,W_30-50_EN_Feed_NOV8_Sacramento_8PM_6-28-25,Flyer_EN_SAC_NOV8_8PM_MaxName_6-28-25,Marketplace,not_delivering,ad,W_30-50_EN_Feed_NOV8_Sacramento_8PM_6-28-25,0.6327701,"7-day click or 1-day view",2.76318821,229,1.11707317,205,0,,,Reach,205,3.08668342,,2025-04-01,2025-09-17
IG_US-Sacramento_SMF_1108_8PM_C25_M/W_LPView_EN_Feed_7-8-25,MW_24-55_EN_Feed_NOV8_Sacramento_8PM_Comedy+Events+Max+Media_7-8-25,CRS_EN_Sacramento_NOV8_8PM_PissGuy_7-8-25,Explore,inactive,ad,MW_24-55_EN_Feed_NOV8_Sacramento_8PM_Comedy+Events+Max+Media_7-8-25,0.62,"7-day click or 1-day view",5.9047619,105,1.10526316,95,0.01904762,2,,"Landing page views",,,,2025-04-01,2025-09-17
IG_US_Sacramento_Nov8_8PM_C25_W_AW_EN_Feed_6-28-25,W_21-45_EN_Feed_NOV8_Sacramento_8PM_6-28-25,Flyer_EN_SAC_NOV8_8PM_MaxName_6-28-25,"Instagram Stories",not_delivering,ad,W_21-45_EN_Feed_NOV8_Sacramento_8PM_6-28-25,0.61397394,"7-day click or 1-day view",3.11661899,197,1,197,0,,,Reach,197,3.11661899,,2025-04-01,2025-09-17
IG_US_Sacramento_Nov8_8PM_C25_M_AW_EN_Feed_6-28-25,W_21-45_EN_Feed_NOV8_Sacramento_8PM_6-28-25,CRS_EN_SAC_NOV8_8PM_PissGuy_6-28-25,Feed,not_delivering,ad,W_21-45_EN_Feed_NOV8_Sacramento_8PM_6-28-25,0.49426087,"7-day click or 1-day view",2.06803711,239,1,239,0,,,Reach,239,2.06803711,,2025-04-01,2025-09-17
FB_US_Sacramento_NOV8_8PM_C25_W_AW_EN_Feed_6-28-25,W_30-50_EN_Feed_NOV8_Sacramento_8PM_6-28-25,Video_EN_SAC_NOV8_8PM_FrenchPersian_6-28-25,Feed,not_delivering,ad,W_30-50_EN_Feed_NOV8_Sacramento_8PM_6-28-25,0.48676056,"7-day click or 1-day view",1.93158954,252,1.01204819,249,0,,,Reach,249,1.9548617,,2025-04-01,2025-09-17
IG_US_Sacramento_Nov8_8PM_C25_M_AW_EN_Feed_6-28-25,W_21-45_EN_Feed_NOV8_Sacramento_8PM_6-28-25,CRS_EN_SAC_NOV8_8PM_PissGuy_6-28-25,"Instagram Stories",not_delivering,ad,W_21-45_EN_Feed_NOV8_Sacramento_8PM_6-28-25,0.45391304,"7-day click or 1-day view",2.53582706,179,1,179,0,,,Reach,179,2.53582706,,2025-04-01,2025-09-17
IG_US_Sacramento_Nov8_8PM_C25_W_AW_EN_Feed_6-28-25,W_21-45_EN_Feed_NOV8_Sacramento_8PM_6-28-25,CRS_EN_SAC_NOV8_8PM_Big_6-28-25,Explore,not_delivering,ad,W_21-45_EN_Feed_NOV8_Sacramento_8PM_6-28-25,0.45314685,"7-day click or 1-day view",2.19974201,206,1.00980392,204,0,,,Reach,204,2.2213081,,2025-04-01,2025-09-17
FB_US_Sacramento_NOV8_8PM_C25_M_AW_EN_Feed_6-28-25,W_30-50_EN_Feed_NOV8_Sacramento_8PM_6-28-25,CRS_EN_SAC_NOV8_8PM_Big_6-28-25,Marketplace,not_delivering,ad,W_30-50_EN_Feed_NOV8_Sacramento_8PM_6-28-25,0.44,"7-day click or 1-day view",2.10526316,209,1.0245098,204,0,,,Reach,204,2.15686275,,2025-04-01,2025-09-17
IG_US_Sacramento_Nov8_8PM_C25_W_AW_EN_Feed_6-28-25,W_21-45_EN_Feed_NOV8_Sacramento_8PM_6-28-25,Flyer_EN_SAC_NOV8_8PM_MaxName_6-28-25,Feed,not_delivering,ad,W_21-45_EN_Feed_NOV8_Sacramento_8PM_6-28-25,0.4328013,"7-day click or 1-day view",1.99447605,217,1,217,0,,,Reach,217,1.99447605,,2025-04-01,2025-09-17
IG_US_Sacramento_Nov8_8PM_C25_M_AW_EN_Feed_6-28-25,W_21-45_EN_Feed_NOV8_Sacramento_8PM_6-28-25,CRS_EN_SAC_NOV8_8PM_Big_6-28-25,Feed,not_delivering,ad,W_21-45_EN_Feed_NOV8_Sacramento_8PM_6-28-25,0.40645161,"7-day click or 1-day view",2.24558902,181,1,181,0,,,Reach,181,2.24558902,,2025-04-01,2025-09-17
FB_US_Sacramento_NOV8_8PM_C25_M_AW_EN_Feed_6-28-25,W_30-50_EN_Feed_NOV8_Sacramento_8PM_6-28-25,Flyer_EN_SAC_NOV8_8PM_MaxName_6-28-25,"Facebook Reels",not_delivering,ad,W_30-50_EN_Feed_NOV8_Sacramento_8PM_6-28-25,0.39171482,"7-day click or 1-day view",2.61143216,150,1,150,0,,,Reach,150,2.61143216,,2025-04-01,2025-09-17
US-Sacramento-Traffic-NOV2025-Target,Targeted,"T-video - Piss Guy","Facebook Reels",not_delivering,ad,Targeted,0.38644068,"7-day click or 1-day view",5.44282645,71,1.29090909,55,0.08450704,6,,"Landing page views",7,0.05520581,,2025-04-01,2025-09-17
US-Sacramento-Traffic-NOV2025-Interest,Interest,I-Flyer,Explore,not_delivering,ad,Interest,0.38004773,"7-day click or 1-day view",4.36836467,87,1,87,0.03448276,3,,"Landing page views",2,0.19002386,,2025-04-01,2025-09-17
IG_US_Sacramento_Nov8_8PM_C25_W_AW_EN_Feed_6-28-25,W_21-45_EN_Feed_NOV8_Sacramento_8PM_6-28-25,Flyer_EN_SAC_NOV8_8PM_MaxName_6-28-25,Explore,not_delivering,ad,W_21-45_EN_Feed_NOV8_Sacramento_8PM_6-28-25,0.36234528,"7-day click or 1-day view",2.58818055,140,1.00719424,139,0,,,Reach,139,2.60680055,,2025-04-01,2025-09-17
US-Sacramento-Traffic-NOV2025-Interest,Interest,"I-video - Piss Guy","Facebook Reels",not_delivering,ad,Interest,0.34183983,"7-day click or 1-day view",6.83679654,50,1.04166667,48,0.06,3,,"Landing page views",3,0.11394661,,2025-04-01,2025-09-17
US-Sacramento-Traffic-NOV2025-Interest,Interest,"I-video - Piss Guy","Instagram Stories",not_delivering,ad,Interest,0.29156926,"7-day click or 1-day view",7.67287537,38,1,38,0.07894737,3,,"Landing page views",1,0.29156926,,2025-04-01,2025-09-17
FB_US_Sacramento_NOV8_8PM_C25_W_AW_EN_Feed_6-28-25,W_30-50_EN_Feed_NOV8_Sacramento_8PM_6-28-25,Video_EN_SAC_NOV8_8PM_PissGuy_6-27-25,"Facebook profile feed",not_delivering,ad,W_30-50_EN_Feed_NOV8_Sacramento_8PM_6-28-25,0.29,"7-day click or 1-day view",2.01388889,144,1,144,0,,,Reach,144,2.01388889,,2025-04-01,2025-09-17
FB_US_Sacramento_NOV8_8PM_C25_M_AW_EN_Feed_6-28-25,W_30-50_EN_Feed_NOV8_Sacramento_8PM_6-28-25,CRS_EN_SAC_NOV8_8PM_PissGuy_6-28-25,Marketplace,not_delivering,ad,W_30-50_EN_Feed_NOV8_Sacramento_8PM_6-28-25,0.27,"7-day click or 1-day view",2.32758621,116,1.01754386,114,0,,,Reach,114,2.36842105,,2025-04-01,2025-09-17
FB_US_Sacramento_NOV8_8PM_C25_M_AW_EN_Feed_6-28-25,W_30-50_EN_Feed_NOV8_Sacramento_8PM_6-28-25,Video_EN_SAC_NOV8_8PM_Big_6-28-25,"Ads on Reels",not_delivering,ad,W_30-50_EN_Feed_NOV8_Sacramento_8PM_6-28-25,0.26412698,"7-day click or 1-day view",2.8400751,93,1,93,0,,,Reach,93,2.8400751,,2025-04-01,2025-09-17
FB_US_Sacramento_NOV8_8PM_C25_W_AW_EN_Feed_6-28-25,W_30-50_EN_Feed_NOV8_Sacramento_8PM_6-28-25,CRS_EN_SAC_NOV8_8PM_PissGuy_6-28-25,"Facebook Reels",not_delivering,ad,W_30-50_EN_Feed_NOV8_Sacramento_8PM_6-28-25,0.25111607,"7-day click or 1-day view",3.26124768,77,1,77,0,,,Reach,77,3.26124768,,2025-04-01,2025-09-17
IG_US_Sacramento_Nov8_8PM_C25_W_AW_EN_Feed_6-28-25,W_21-45_EN_Feed_NOV8_Sacramento_8PM_6-28-25,CRS_EN_SAC_NOV8_8PM_Big_6-28-25,Feed,not_delivering,ad,W_21-45_EN_Feed_NOV8_Sacramento_8PM_6-28-25,0.24167832,"7-day click or 1-day view",1.61118881,150,1,150,0,,,Reach,150,1.61118881,,2025-04-01,2025-09-17
FB_US_Sacramento_NOV8_8PM_C25_M_AW_EN_Feed_6-28-25,W_30-50_EN_Feed_NOV8_Sacramento_8PM_6-28-25,Video_EN_SAC_NOV8_8PM_PissGuy_6-27-25,"Ads on Reels",not_delivering,ad,W_30-50_EN_Feed_NOV8_Sacramento_8PM_6-28-25,0.23029188,"7-day click or 1-day view",2.84310961,81,1,81,0,,,Reach,81,2.84310961,,2025-04-01,2025-09-17
FB_US_Sacramento_NOV8_8PM_C25_W_AW_EN_Feed_6-28-25,W_30-50_EN_Feed_NOV8_Sacramento_8PM_6-28-25,Video_EN_SAC_NOV8_8PM_PissGuy_6-27-25,"Facebook Reels",not_delivering,ad,W_30-50_EN_Feed_NOV8_Sacramento_8PM_6-28-25,0.23,"7-day click or 1-day view",2.09090909,110,1,110,0,,,Reach,110,2.09090909,,2025-04-01,2025-09-17
IG_US_Sacramento_Nov8_8PM_C25_M_AW_EN_Feed_6-28-25,W_21-45_EN_Feed_NOV8_Sacramento_8PM_6-28-25,CRS_EN_SAC_NOV8_8PM_PissGuy_6-28-25,Explore,not_delivering,ad,W_21-45_EN_Feed_NOV8_Sacramento_8PM_6-28-25,0.21182609,"7-day click or 1-day view",2.46309403,86,1,86,0,,,Reach,86,2.46309403,,2025-04-01,2025-09-17
FB_US_Sacramento_NOV8_8PM_C25_W_AW_EN_Feed_6-28-25,W_30-50_EN_Feed_NOV8_Sacramento_8PM_6-28-25,Flyer_EN_SAC_NOV8_8PM_MaxName_6-28-25,"Facebook Reels",not_delivering,ad,W_30-50_EN_Feed_NOV8_Sacramento_8PM_6-28-25,0.16009944,"7-day click or 1-day view",3.20198881,50,1,50,0,,,Reach,50,3.20198881,,2025-04-01,2025-09-17
IG_US-Sacramento_SMF_1108_8PM_C25_M/W_LPView_EN_Feed_7-8-25,IG_MW_24-55_EN_Feed_NOV8_Sacramento_8PM_Engagemnt_LD0906,CRS_EN_Sacramento_NOV8_8PM_PissGuy_9-11-25,"Instagram Stories",active,ad,IG_MW_24-55_EN_Feed_NOV8_Sacramento_8PM_Engagemnt_LD0906,0.16,"7-day click or 1-day view",5.33333333,30,1.07142857,28,0.03333333,1,,"Landing page views",1,0.16,4,2025-04-01,2025-09-17
FB_US_Sacramento_NOV8_8PM_C25_W_AW_EN_Feed_6-28-25,W_30-50_EN_Feed_NOV8_Sacramento_8PM_6-28-25,Video_EN_SAC_NOV8_8PM_PissGuy_6-27-25,"Ads on Reels",not_delivering,ad,W_30-50_EN_Feed_NOV8_Sacramento_8PM_6-28-25,0.15,"7-day click or 1-day view",3.65853659,41,1,41,0,,,Reach,41,3.65853659,,2025-04-01,2025-09-17
FB_US_Sacramento_NOV8_8PM_C25_W_AW_EN_Feed_6-28-25,W_30-50_EN_Feed_NOV8_Sacramento_8PM_6-28-25,Video_EN_SAC_NOV8_8PM_Big_6-28-25,"Facebook Reels",not_delivering,ad,W_30-50_EN_Feed_NOV8_Sacramento_8PM_6-28-25,0.14157303,"7-day click or 1-day view",2.83146067,50,1,50,0,,,Reach,50,2.83146067,,2025-04-01,2025-09-17
FB_US_Sacramento_NOV8_8PM_C25_W_AW_EN_Feed_6-28-25,W_30-50_EN_Feed_NOV8_Sacramento_8PM_6-28-25,CRS_EN_SAC_NOV8_8PM_Big_6-28-25,"Facebook Reels",not_delivering,ad,W_30-50_EN_Feed_NOV8_Sacramento_8PM_6-28-25,0.14042489,"7-day click or 1-day view",2.865814,49,1.02083333,48,0,,,Reach,48,2.92551846,,2025-04-01,2025-09-17
US-Sacramento-Traffic-NOV2025-Interest,Interest,I-Flyer,"In-stream reels",not_delivering,ad,Interest,0.14001758,"7-day click or 1-day view",0.67641345,207,1.99038462,104,0.01449275,3,,"Landing page views",2,0.07000879,,2025-04-01,2025-09-17
FB_US_Sacramento_NOV8_8PM_C25_M_AW_EN_Feed_6-28-25,W_30-50_EN_Feed_NOV8_Sacramento_8PM_6-28-25,Video_EN_SAC_NOV8_8PM_FrenchPersian_6-28-25,"Ads on Reels",not_delivering,ad,W_30-50_EN_Feed_NOV8_Sacramento_8PM_6-28-25,0.14,"7-day click or 1-day view",3.25581395,43,1,43,0,,,Reach,43,3.25581395,,2025-04-01,2025-09-17
IG_US_Sacramento_Nov8_8PM_C25_M_AW_EN_Feed_6-28-25,W_21-45_EN_Feed_NOV8_Sacramento_8PM_6-28-25,CRS_EN_SAC_NOV8_8PM_Big_6-28-25,Explore,not_delivering,ad,W_21-45_EN_Feed_NOV8_Sacramento_8PM_6-28-25,0.13209677,"7-day click or 1-day view",2.35887097,56,1,56,0,,,Reach,56,2.35887097,,2025-04-01,2025-09-17
FB_US_Sacramento_NOV8_8PM_C25_W_AW_EN_Feed_6-28-25,W_30-50_EN_Feed_NOV8_Sacramento_8PM_6-28-25,Video_EN_SAC_NOV8_8PM_Big_6-28-25,"Ads on Reels",not_delivering,ad,W_30-50_EN_Feed_NOV8_Sacramento_8PM_6-28-25,0.13146067,"7-day click or 1-day view",2.85784074,46,1,46,0,,,Reach,46,2.85784074,,2025-04-01,2025-09-17
FB_US_Sacramento_SMF_1108_8PM_C25_MW_LPView_EN_Feed_7-8-25,FB_MW_30-50_EN_Feed_NOV8_Sacramento_8PM_Comedy+Events+Max+Media_LD0906,CRS_EN_Sacramento_NOV8_8PM_PissGuy_7-8-25,"Facebook Notifications",not_delivering,ad,FB_MW_30-50_EN_Feed_NOV8_Sacramento_8PM_Comedy+Events+Max+Media_LD0906,0.13001853,"7-day click or 1-day view",5.2007413,25,1.5625,16,0,,,"Landing page views",,,,2025-04-01,2025-09-17
IG_US-Sacramento_SMF_1108_8PM_C25_M/W_LPView_EN_Feed_7-8-25,IG_MW_24-55_EN_Feed_NOV8_Sacramento_8PM_Engagemnt_LD0906,CRS_EN_Sacramento_NOV8_8PM_PissGuy_9-11-25,Feed,active,ad,IG_MW_24-55_EN_Feed_NOV8_Sacramento_8PM_Engagemnt_LD0906,0.12,"7-day click or 1-day view",8,15,1.25,12,0.13333333,2,,"Landing page views",2,0.06,,2025-04-01,2025-09-17
FB_US_Sacramento_NOV8_8PM_C25_W_AW_EN_Feed_6-28-25,W_30-50_EN_Feed_NOV8_Sacramento_8PM_6-28-25,Video_EN_SAC_NOV8_8PM_FrenchPersian_6-28-25,Marketplace,not_delivering,ad,W_30-50_EN_Feed_NOV8_Sacramento_8PM_6-28-25,0.1115493,"7-day click or 1-day view",2.23098592,50,1.02040816,49,0,,,Reach,49,2.27651624,,2025-04-01,2025-09-17
US-Sacramento-Traffic-NOV2025-Interest,Interest,I-Flyer,Marketplace,not_delivering,ad,Interest,0.11001382,"7-day click or 1-day view",3.05593932,36,1.28571429,28,0,,,"Landing page views",,,,2025-04-01,2025-09-17
FB_US_Sacramento_NOV8_8PM_C25_M_AW_EN_Feed_6-28-25,W_30-50_EN_Feed_NOV8_Sacramento_8PM_6-28-25,CRS_EN_SAC_NOV8_8PM_Big_6-28-25,"Facebook Reels",not_delivering,ad,W_30-50_EN_Feed_NOV8_Sacramento_8PM_6-28-25,0.11,"7-day click or 1-day view",4.58333333,24,1,24,0,,,Reach,24,4.58333333,,2025-04-01,2025-09-17
FB_US_Sacramento_NOV8_8PM_C25_W_AW_EN_Feed_6-28-25,W_30-50_EN_Feed_NOV8_Sacramento_8PM_6-28-25,Flyer_EN_SAC_NOV8_8PM_MaxName_6-28-25,Marketplace,not_delivering,ad,W_30-50_EN_Feed_NOV8_Sacramento_8PM_6-28-25,0.10006215,"7-day click or 1-day view",3.45041898,29,1.20833333,24,0,,,Reach,24,4.16925627,,2025-04-01,2025-09-17
IG_US_Sacramento_Nov8_8PM_C25_M_AW_EN_Feed_6-28-25,W_21-45_EN_Feed_NOV8_Sacramento_8PM_6-28-25,CRS_EN_SAC_NOV8_8PM_Big_6-28-25,"Instagram Stories",not_delivering,ad,W_21-45_EN_Feed_NOV8_Sacramento_8PM_6-28-25,0.09145161,"7-day click or 1-day view",1.28805089,71,1,71,0,,,Reach,71,1.28805089,,2025-04-01,2025-09-17
FB_US_Sacramento_NOV8_8PM_C25_W_AW_EN_Feed_6-28-25,W_30-50_EN_Feed_NOV8_Sacramento_8PM_6-28-25,Video_EN_SAC_NOV8_8PM_FrenchPersian_6-28-25,"Facebook Reels",not_delivering,ad,W_30-50_EN_Feed_NOV8_Sacramento_8PM_6-28-25,0.09126761,"7-day click or 1-day view",4.34607646,21,1,21,0,,,Reach,21,4.34607646,,2025-04-01,2025-09-17
FB_US_Sacramento_SMF_1108_8PM_C25_MW_LPView_EN_Feed_7-8-25,FB_MW_30-50_EN_Feed_NOV8_Sacramento_8PM_Comedy+Events+Max+Media_LD0906,"Flyer_EN_Sacramento_NOV8_8PM_Flyer_7-8-25 - Copy","Facebook Stories",active,ad,FB_MW_30-50_EN_Feed_NOV8_Sacramento_8PM_Comedy+Events+Max+Media_LD0906,0.09018054,"7-day click or 1-day view",7.51504514,12,1,12,0.08333333,1,,"Landing page views",,,,2025-04-01,2025-09-17
US-Sacramento-Traffic-NOV2025-Target,Targeted,T-Flyer,Feed,not_delivering,ad,Targeted,0.085,"7-day click or 1-day view",2.83333333,30,1.25,24,0.06666667,2,,"Landing page views",2,0.0425,,2025-04-01,2025-09-17
IG_US-Sacramento_SMF_1108_8PM_C25_M/W_LPView_EN_Feed_7-8-25,MW_24-55_EN_Feed_NOV8_Sacramento_8PM_Comedy+Events+Max+Media_7-8-25,Flyer_EN_Sacramento_NOV8_8PM_Flyer_7-8-25,"Explore home",rejected,ad,MW_24-55_EN_Feed_NOV8_Sacramento_8PM_Comedy+Events+Max+Media_7-8-25,0.08000905,"7-day click or 1-day view",0.28677079,279,1.31603774,212,0,,,"Landing page views",,,,2025-04-01,2025-09-17
US-Sacramento-Traffic-NOV2025-Interest,Interest,"I-CRS - Piss Guy","Facebook Reels",not_delivering,ad,Interest,0.08000722,"7-day click or 1-day view",3.63669177,22,1.375,16,0,,,"Landing page views",,,,2025-04-01,2025-09-17
US-Sacramento-Traffic-NOV2025-Interest,Interest,"I-video - Piss Guy","Facebook profile feed",not_delivering,ad,Interest,0.07037879,"7-day click or 1-day view",10.05411255,7,1,7,0.14285714,1,,"Landing page views",1,0.07037879,,2025-04-01,2025-09-17
FB_US_Sacramento_SMF_1108_8PM_C25_MW_LPView_EN_Feed_7-8-25,FB_MW_30-50_EN_Feed_NOV8_Sacramento_8PM_Comedy+Events+Max+Media_LD0906,Video_EN_Sacramento_NOV8_8PM_PissGuy_7-8-25,"Facebook Stories",active,ad,FB_MW_30-50_EN_Feed_NOV8_Sacramento_8PM_Comedy+Events+Max+Media_LD0906,0.07012929,"7-day click or 1-day view",7.79214327,9,0,0,0,,,"Landing page views",,,,2025-04-01,2025-09-17
US-Sacramento-Traffic-NOV2025-Interest,Interest,I-Flyer,"Facebook profile feed",not_delivering,ad,Interest,0.07000879,"7-day click or 1-day view",1.79509722,39,1.95,20,0,,,"Landing page views",,,,2025-04-01,2025-09-17
FB_US_Sacramento_NOV8_8PM_C25_W_AW_EN_Feed_6-28-25,W_30-50_EN_Feed_NOV8_Sacramento_8PM_6-28-25,Video_EN_SAC_NOV8_8PM_Big_6-28-25,"Facebook profile feed",not_delivering,ad,W_30-50_EN_Feed_NOV8_Sacramento_8PM_6-28-25,0.06067416,"7-day click or 1-day view",0.77787381,78,1,78,0,,,Reach,78,0.77787381,,2025-04-01,2025-09-17
FB_US_Sacramento_NOV8_8PM_C25_M_AW_EN_Feed_6-28-25,W_30-50_EN_Feed_NOV8_Sacramento_8PM_6-28-25,Flyer_EN_SAC_NOV8_8PM_MaxName_6-28-25,"Facebook profile feed",not_delivering,ad,W_30-50_EN_Feed_NOV8_Sacramento_8PM_6-28-25,0.06026382,"7-day click or 1-day view",1.88324435,32,1,32,0,,,Reach,32,1.88324435,,2025-04-01,2025-09-17
IG_US-Sacramento_SMF_1108_8PM_C25_M/W_LPView_EN_Feed_7-8-25,IG_MW_24-55_EN_Feed_NOV8_Sacramento_8PM_Engagemnt_LD0906,Flyer_EN_Sacramento_NOV8_8PM_Flyer_7-8-25,Explore,active,ad,IG_MW_24-55_EN_Feed_NOV8_Sacramento_8PM_Engagemnt_LD0906,0.06010444,"7-day click or 1-day view",3.75652742,16,1.06666667,15,0,,,"Landing page views",,,,2025-04-01,2025-09-17
FB_US_Sacramento_NOV8_8PM_C25_M_AW_EN_Feed_6-28-25,W_30-50_EN_Feed_NOV8_Sacramento_8PM_6-28-25,CRS_EN_SAC_NOV8_8PM_PissGuy_6-28-25,"Facebook Reels",not_delivering,ad,W_30-50_EN_Feed_NOV8_Sacramento_8PM_6-28-25,0.06,"7-day click or 1-day view",2.4,25,1,25,0,,,Reach,25,2.4,,2025-04-01,2025-09-17
US-Sacramento-Traffic-NOV2025-Target,Targeted,"T-video - Piss Guy","Facebook profile feed",not_delivering,ad,Targeted,0.05084746,"7-day click or 1-day view",7.26392252,7,1,7,0.14285714,1,,"Landing page views",1,0.05084746,,2025-04-01,2025-09-17
US-Sacramento-Traffic-NOV2025-Interest,Interest,"I-video - Piss Guy","Instagram Reels",not_delivering,ad,Interest,0.05027056,"7-day click or 1-day view",7.18150897,7,1,7,0,,,"Landing page views",,,,2025-04-01,2025-09-17
FB_US_Sacramento_SMF_1108_8PM_C25_MW_LPView_EN_Feed_7-8-25,FB_MW_30-50_EN_Feed_NOV8_Sacramento_8PM_Comedy+Events+Max+Media_LD0906,Video_EN_Sacramento_NOV8_8PM_PissGuy_7-8-25,"Feed: video feeds",active,ad,FB_MW_30-50_EN_Feed_NOV8_Sacramento_8PM_Comedy+Events+Max+Media_LD0906,0.05009235,"7-day click or 1-day view",3.33948997,15,0,0,0,,,"Landing page views",,,,2025-04-01,2025-09-17
US-Sacramento-Traffic-NOV2025-Target,Targeted,T-Flyer,"Instagram Reels",not_delivering,ad,Targeted,0.0425,"7-day click or 1-day view",5.3125,8,1,8,0,,,"Landing page views",,,,2025-04-01,2025-09-17
US-Sacramento-Traffic-NOV2025-Target,Targeted,"T-video - Piss Guy","Feed: video feeds",not_delivering,ad,Targeted,0.04067797,"7-day click or 1-day view",8.13559322,5,1.25,4,0,,,"Landing page views",,,,2025-04-01,2025-09-17
FB_US_Sacramento_NOV8_8PM_C25_M_AW_EN_Feed_6-28-25,W_30-50_EN_Feed_NOV8_Sacramento_8PM_6-28-25,Video_EN_SAC_NOV8_8PM_PissGuy_6-27-25,"Facebook profile feed",not_delivering,ad,W_30-50_EN_Feed_NOV8_Sacramento_8PM_6-28-25,0.04005076,"7-day click or 1-day view",1.90717912,21,1,21,0,,,Reach,21,1.90717912,,2025-04-01,2025-09-17
US-Sacramento-Traffic-NOV2025-Interest,Interest,I-Flyer,"Feed: video feeds",not_delivering,ad,Interest,0.04000502,"7-day click or 1-day view",2.00025119,20,2.5,8,0.05,1,,"Landing page views",1,0.04000502,,2025-04-01,2025-09-17
FB_US_Sacramento_NOV8_8PM_C25_M_AW_EN_Feed_6-28-25,W_30-50_EN_Feed_NOV8_Sacramento_8PM_6-28-25,Video_EN_SAC_NOV8_8PM_FrenchPersian_6-28-25,"Facebook profile feed",not_delivering,ad,W_30-50_EN_Feed_NOV8_Sacramento_8PM_6-28-25,0.04,"7-day click or 1-day view",1.66666667,24,1,24,0,,,Reach,24,1.66666667,,2025-04-01,2025-09-17
US-Sacramento-Traffic-NOV2025-Target,Targeted,"T-video - Piss Guy",Explore,not_delivering,ad,Targeted,0.03050847,"7-day click or 1-day view",6.10169492,5,1,5,0,,,"Landing page views",,,,2025-04-01,2025-09-17
US-Sacramento-Traffic-NOV2025-Target,Targeted,"T-video - Piss Guy","Instagram Stories",not_delivering,ad,Targeted,0.03050847,"7-day click or 1-day view",6.10169492,5,1,5,0.2,1,,"Landing page views",,,,2025-04-01,2025-09-17
FB_US_Sacramento_NOV8_8PM_C25_M_AW_EN_Feed_6-28-25,W_30-50_EN_Feed_NOV8_Sacramento_8PM_6-28-25,Video_EN_SAC_NOV8_8PM_Big_6-28-25,"Facebook Stories",not_delivering,ad,W_30-50_EN_Feed_NOV8_Sacramento_8PM_6-28-25,0.03047619,"7-day click or 1-day view",3.80952381,8,1,8,0,,,Reach,8,3.80952381,,2025-04-01,2025-09-17
FB_US_Sacramento_SMF_1108_8PM_C25_MW_LPView_EN_Feed_7-8-25,FB_MW_30-50_EN_Feed_NOV8_Sacramento_8PM_Comedy+Events+Max+Media_LD0906,Video_EN_Sacramento_NOV8_8PM_PissGuy_7-8-25,Marketplace,active,ad,FB_MW_30-50_EN_Feed_NOV8_Sacramento_8PM_Comedy+Events+Max+Media_LD0906,0.03005541,"7-day click or 1-day view",4.29362996,7,1.75,4,0,,,"Landing page views",,,,2025-04-01,2025-09-17
FB_US_Sacramento_NOV8_8PM_C25_M_AW_EN_Feed_6-28-25,W_30-50_EN_Feed_NOV8_Sacramento_8PM_6-28-25,Video_EN_SAC_NOV8_8PM_PissGuy_6-27-25,"Facebook Stories",not_delivering,ad,W_30-50_EN_Feed_NOV8_Sacramento_8PM_6-28-25,0.03003807,"7-day click or 1-day view",3.33756345,9,1,9,0,,,Reach,9,3.33756345,,2025-04-01,2025-09-17
US-Sacramento-Traffic-NOV2025-Target,Targeted,"T-CRS - Piss Guy","Facebook Reels",not_delivering,ad,Targeted,0.03001367,"7-day click or 1-day view",1.76551022,17,0,0,0.17647059,3,,"Landing page views",1,0.03001367,,2025-04-01,2025-09-17
US-Sacramento-Traffic-NOV2025-Interest,Interest,"I-CRS - Piss Guy","Facebook Notifications",not_delivering,ad,Interest,0.03000271,"7-day click or 1-day view",7.50067677,4,0,0,0,,,"Landing page views",,,,2025-04-01,2025-09-17
US-Sacramento-Traffic-NOV2025-Target,Targeted,T-Flyer,"Instagram Stories",not_delivering,ad,Targeted,0.02125,"7-day click or 1-day view",10.625,2,1,2,0,,,"Landing page views",,,,2025-04-01,2025-09-17
US-Sacramento-Traffic-NOV2025-Target,Targeted,T-Flyer,"Facebook Reels",not_delivering,ad,Targeted,0.02125,"7-day click or 1-day view",1.77083333,12,1.09090909,11,0.25,3,,"Landing page views",3,0.00708333,,2025-04-01,2025-09-17
FB_US_Sacramento_NOV8_8PM_C25_M_AW_EN_Feed_6-28-25,W_30-50_EN_Feed_NOV8_Sacramento_8PM_6-28-25,Video_EN_SAC_NOV8_8PM_Big_6-28-25,"Facebook profile feed",not_delivering,ad,W_30-50_EN_Feed_NOV8_Sacramento_8PM_6-28-25,0.02031746,"7-day click or 1-day view",2.53968254,8,1,8,0,,,Reach,8,2.53968254,,2025-04-01,2025-09-17
FB_US_Sacramento_NOV8_8PM_C25_W_AW_EN_Feed_6-28-25,W_30-50_EN_Feed_NOV8_Sacramento_8PM_6-28-25,Video_EN_SAC_NOV8_8PM_FrenchPersian_6-28-25,"Ads on Reels",not_delivering,ad,W_30-50_EN_Feed_NOV8_Sacramento_8PM_6-28-25,0.02028169,"7-day click or 1-day view",4.05633803,5,1,5,0,,,Reach,5,4.05633803,,2025-04-01,2025-09-17
US-Sacramento-Traffic-NOV2025-Interest,Interest,"I-video - Piss Guy",Explore,not_delivering,ad,Interest,0.02010823,"7-day click or 1-day view",4.02164502,5,1.66666667,3,0.2,1,,"Landing page views",1,0.02010823,,2025-04-01,2025-09-17
FB_US_Sacramento_SMF_1108_8PM_C25_MW_LPView_EN_Feed_7-8-25,FB_MW_30-50_EN_Feed_NOV8_Sacramento_8PM_Comedy+Events+Max+Media_LD0906,"Flyer_EN_Sacramento_NOV8_8PM_Flyer_7-8-25 - Copy",Marketplace,active,ad,FB_MW_30-50_EN_Feed_NOV8_Sacramento_8PM_Comedy+Events+Max+Media_LD0906,0.02004012,"7-day click or 1-day view",10.02006018,2,1,2,0,,,"Landing page views",,,,2025-04-01,2025-09-17
FB_US_Sacramento_NOV8_8PM_C25_W_AW_EN_Feed_6-28-25,W_30-50_EN_Feed_NOV8_Sacramento_8PM_6-28-25,Flyer_EN_SAC_NOV8_8PM_MaxName_6-28-25,"Facebook Stories",not_delivering,ad,W_30-50_EN_Feed_NOV8_Sacramento_8PM_6-28-25,0.02001243,"7-day click or 1-day view",6.67081003,3,0,0,0,,,Reach,,,,2025-04-01,2025-09-17
US-Sacramento-Traffic-NOV2025-Target,Targeted,"T-CRS - Piss Guy","Instagram Stories",not_delivering,ad,Targeted,0.02000912,"7-day click or 1-day view",2.50113947,8,2,4,0.125,1,,"Landing page views",1,0.02000912,,2025-04-01,2025-09-17
US-Sacramento-Traffic-NOV2025-Interest,Interest,I-Flyer,"Explore home",not_delivering,ad,Interest,0.02000251,"7-day click or 1-day view",2.00025119,10,1,10,0,,,"Landing page views",,,,2025-04-01,2025-09-17
US-Sacramento-Traffic-NOV2025-Interest,Interest,"I-CRS - Piss Guy","Instagram Stories",not_delivering,ad,Interest,0.0200018,"7-day click or 1-day view",6.66726824,3,1,3,0,,,"Landing page views",,,,2025-04-01,2025-09-17
US-Sacramento-Traffic-NOV2025-Target,Targeted,"T-video - Piss Guy","Facebook Stories",not_delivering,ad,Targeted,0.01016949,"7-day click or 1-day view",10.16949153,1,1,1,0,,,"Landing page views",,,,2025-04-01,2025-09-17
FB_US_Sacramento_NOV8_8PM_C25_W_AW_EN_Feed_6-28-25,W_30-50_EN_Feed_NOV8_Sacramento_8PM_6-28-25,Video_EN_SAC_NOV8_8PM_FrenchPersian_6-28-25,"Facebook profile feed",not_delivering,ad,W_30-50_EN_Feed_NOV8_Sacramento_8PM_6-28-25,0.01014085,"7-day click or 1-day view",0.34968431,29,1,29,0,,,Reach,29,0.34968431,,2025-04-01,2025-09-17
US-Sacramento-Traffic-NOV2025-Interest,Interest,"I-video - Piss Guy","Ads on Reels",not_delivering,ad,Interest,0.01005411,"7-day click or 1-day view",5.02705628,2,1,2,0,,,"Landing page views",,,,2025-04-01,2025-09-17
FB_US_Sacramento_NOV8_8PM_C25_M_AW_EN_Feed_6-28-25,W_30-50_EN_Feed_NOV8_Sacramento_8PM_6-28-25,Flyer_EN_SAC_NOV8_8PM_MaxName_6-28-25,"Feed: video feeds",not_delivering,ad,W_30-50_EN_Feed_NOV8_Sacramento_8PM_6-28-25,0.01004397,"7-day click or 1-day view",10.04396985,1,0,0,0,,,Reach,,,,2025-04-01,2025-09-17
FB_US_Sacramento_NOV8_8PM_C25_M_AW_EN_Feed_6-28-25,W_30-50_EN_Feed_NOV8_Sacramento_8PM_6-28-25,Flyer_EN_SAC_NOV8_8PM_MaxName_6-28-25,"Facebook Stories",not_delivering,ad,W_30-50_EN_Feed_NOV8_Sacramento_8PM_6-28-25,0.01004397,"7-day click or 1-day view",3.34798995,3,0,0,0,,,Reach,,,,2025-04-01,2025-09-17
FB_US_Sacramento_SMF_1108_8PM_C25_MW_LPView_EN_Feed_7-8-25,FB_MW_30-50_EN_Feed_NOV8_Sacramento_8PM_Comedy+Events+Max+Media_LD0906,Video_EN_Sacramento_NOV8_8PM_PissGuy_7-8-25,"Facebook Notifications",active,ad,FB_MW_30-50_EN_Feed_NOV8_Sacramento_8PM_Comedy+Events+Max+Media_LD0906,0.01001847,"7-day click or 1-day view",5.00923496,2,1,2,0,,,"Landing page views",,,,2025-04-01,2025-09-17
FB_US_Sacramento_NOV8_8PM_C25_M_AW_EN_Feed_6-28-25,W_30-50_EN_Feed_NOV8_Sacramento_8PM_6-28-25,Video_EN_SAC_NOV8_8PM_PissGuy_6-27-25,"In-stream reels",not_delivering,ad,W_30-50_EN_Feed_NOV8_Sacramento_8PM_6-28-25,0.01001269,"7-day click or 1-day view",10.01269036,1,1,1,0,,,Reach,1,10.01269036,,2025-04-01,2025-09-17
FB_US_Sacramento_NOV8_8PM_C25_W_AW_EN_Feed_6-28-25,W_30-50_EN_Feed_NOV8_Sacramento_8PM_6-28-25,Flyer_EN_SAC_NOV8_8PM_MaxName_6-28-25,"Facebook profile feed",not_delivering,ad,W_30-50_EN_Feed_NOV8_Sacramento_8PM_6-28-25,0.01000622,"7-day click or 1-day view",1.25077688,8,1,8,0,,,Reach,8,1.25077688,,2025-04-01,2025-09-17
US-Sacramento-Traffic-NOV2025-Target,Targeted,"T-CRS - Piss Guy",Marketplace,not_delivering,ad,Targeted,0.01000456,"7-day click or 1-day view",2.50113947,4,0,0,0,,,"Landing page views",,,,2025-04-01,2025-09-17
US-Sacramento-Traffic-NOV2025-Interest,Interest,I-Flyer,"Search results",not_delivering,ad,Interest,0.01000126,"7-day click or 1-day view",10.00125597,1,0,0,0,,,"Landing page views",,,,2025-04-01,2025-09-17
FB_US_Sacramento_NOV8_8PM_C25_M_AW_EN_Feed_6-28-25,W_30-50_EN_Feed_NOV8_Sacramento_8PM_6-28-25,Video_EN_SAC_NOV8_8PM_FrenchPersian_6-28-25,"In-stream reels",not_delivering,ad,W_30-50_EN_Feed_NOV8_Sacramento_8PM_6-28-25,0.01,"7-day click or 1-day view",5,2,1,2,0,,,Reach,2,5,,2025-04-01,2025-09-17
US-Sacramento-Traffic-NOV2025-Target,Targeted,"T-video - Piss Guy","In-stream reels",not_delivering,ad,Targeted,0,"7-day click or 1-day view",0,21,1.4,15,0.04761905,1,,"Landing page views",1,0,,2025-04-01,2025-09-17
FB_US_Sacramento_NOV8_8PM_C25_W_AW_EN_Feed_6-28-25,W_30-50_EN_Feed_NOV8_Sacramento_8PM_6-28-25,Video_EN_SAC_NOV8_8PM_Big_6-28-25,"Facebook Stories",not_delivering,ad,W_30-50_EN_Feed_NOV8_Sacramento_8PM_6-28-25,0,"7-day click or 1-day view",0,1,1,1,0,,,Reach,1,0,,2025-04-01,2025-09-17
FB_US_Sacramento_NOV8_8PM_C25_W_AW_EN_Feed_6-28-25,W_30-50_EN_Feed_NOV8_Sacramento_8PM_6-28-25,Flyer_EN_SAC_NOV8_8PM_MaxName_6-28-25,"Feed: video feeds",not_delivering,ad,W_30-50_EN_Feed_NOV8_Sacramento_8PM_6-28-25,0,"7-day click or 1-day view",0,1,0,0,0,,,Reach,,,,2025-04-01,2025-09-17
US-Sacramento-Traffic-NOV2025-Interest,Interest,I-Flyer,"Right column",not_delivering,ad,Interest,0,"7-day click or 1-day view",0,27,2.25,12,0,,,"Landing page views",,,,2025-04-01,2025-09-17
US-Sacramento-Traffic-NOV2025-Target,Targeted,"T-CRS - Piss Guy","Facebook Notifications",not_delivering,ad,Targeted,0,"7-day click or 1-day view",0,3,0,0,0,,,"Landing page views",,,,2025-04-01,2025-09-17
FB_US_Sacramento_SMF_1108_8PM_C25_MW_LPView_EN_Feed_7-8-25,FB_MW_30-50_EN_Feed_NOV8_Sacramento_8PM_Comedy+Events+Max+Media_LD0906,CRS_EN_Sacramento_NOV8_8PM_PissGuy_7-8-25,Unknown,not_delivering,ad,FB_MW_30-50_EN_Feed_NOV8_Sacramento_8PM_Comedy+Events+Max+Media_LD0906,0,"7-day click or 1-day view",,0,0,0,,,,"Landing page views",11,0,,2025-04-01,2025-09-17
FB_US_Sacramento_SMF_1108_8PM_C25_MW_LPView_EN_Feed_7-8-25,FB_MW_30-50_EN_Feed_NOV8_Sacramento_8PM_Comedy+Events+Max+Media_LD0906,"Flyer_EN_Sacramento_NOV8_8PM_Flyer_7-8-25 - Copy","Right column",active,ad,FB_MW_30-50_EN_Feed_NOV8_Sacramento_8PM_Comedy+Events+Max+Media_LD0906,0,"7-day click or 1-day view",0,1,1,1,0,,,"Landing page views",,,,2025-04-01,2025-09-17
US-Sacramento-Traffic-NOV2025-Target,Targeted,"T-video - Piss Guy","Ads on Reels",not_delivering,ad,Targeted,0,"7-day click or 1-day view",0,1,1,1,0,,,"Landing page views",,,,2025-04-01,2025-09-17
US-Sacramento-Traffic-NOV2025-Target,Targeted,"T-video - Piss Guy","Instagram Reels",not_delivering,ad,Targeted,0,"7-day click or 1-day view",0,2,1,2,0,,,"Landing page views",,,,2025-04-01,2025-09-17
IG_US-Sacramento_SMF_1108_8PM_C25_M/W_LPView_EN_Feed_7-8-25,MW_24-55_EN_Feed_NOV8_Sacramento_8PM_Comedy+Events+Max+Media_7-8-25,"Video_EN_Sacramento_NOV8_8PM_PissGuy_7-8-25 - Copy",Unknown,inactive,ad,MW_24-55_EN_Feed_NOV8_Sacramento_8PM_Comedy+Events+Max+Media_7-8-25,0,"7-day click or 1-day view",,0,0,0,,,,"Landing page views",2,0,,2025-04-01,2025-09-17
FB_US_Sacramento_NOV8_8PM_C25_M_AW_EN_Feed_6-28-25,W_30-50_EN_Feed_NOV8_Sacramento_8PM_6-28-25,Video_EN_SAC_NOV8_8PM_PissGuy_6-27-25,"Feed: video feeds",not_delivering,ad,W_30-50_EN_Feed_NOV8_Sacramento_8PM_6-28-25,0,"7-day click or 1-day view",0,1,1,1,0,,,Reach,1,0,,2025-04-01,2025-09-17
FB_US_Sacramento_NOV8_8PM_C25_M_AW_EN_Feed_6-28-25,W_30-50_EN_Feed_NOV8_Sacramento_8PM_6-28-25,Video_EN_SAC_NOV8_8PM_FrenchPersian_6-28-25,"Facebook Stories",not_delivering,ad,W_30-50_EN_Feed_NOV8_Sacramento_8PM_6-28-25,0,"7-day click or 1-day view",0,4,1,4,0,,,Reach,4,0,,2025-04-01,2025-09-17
FB_US_Sacramento_NOV8_8PM_C25_M_AW_EN_Feed_6-28-25,W_30-50_EN_Feed_NOV8_Sacramento_8PM_6-28-25,Video_EN_SAC_NOV8_8PM_Big_6-28-25,"Feed: video feeds",not_delivering,ad,W_30-50_EN_Feed_NOV8_Sacramento_8PM_6-28-25,0,"7-day click or 1-day view",0,1,1,1,0,,,Reach,1,0,,2025-04-01,2025-09-17
FB_US_Sacramento_SMF_1108_8PM_C25_MW_LPView_EN_Feed_7-8-25,FB_MW_30-50_EN_Feed_NOV8_Sacramento_8PM_Comedy+Events+Max+Media_LD0906,Video_EN_Sacramento_NOV8_8PM_PissGuy_7-8-25,Unknown,active,ad,FB_MW_30-50_EN_Feed_NOV8_Sacramento_8PM_Comedy+Events+Max+Media_LD0906,0,"7-day click or 1-day view",,0,0,0,,,,"Landing page views",1,0,,2025-04-01,2025-09-17
FB_US_Sacramento_NOV8_8PM_C25_M_AW_EN_Feed_6-28-25,W_30-50_EN_Feed_NOV8_Sacramento_8PM_6-28-25,Video_EN_SAC_NOV8_8PM_FrenchPersian_6-28-25,"Feed: video feeds",not_delivering,ad,W_30-50_EN_Feed_NOV8_Sacramento_8PM_6-28-25,0,"7-day click or 1-day view",0,1,1,1,0,,,Reach,1,0,,2025-04-01,2025-09-17
US-Sacramento-Traffic-NOV2025-Target,Targeted,"T-video - Piss Guy","Search results",not_delivering,ad,Targeted,0,"7-day click or 1-day view",0,1,1,1,0,,,"Landing page views",,,,2025-04-01,2025-09-17
FB_US_Sacramento_NOV8_8PM_C25_W_AW_EN_Feed_6-28-25,W_30-50_EN_Feed_NOV8_Sacramento_8PM_6-28-25,Video_EN_SAC_NOV8_8PM_FrenchPersian_6-28-25,"Facebook Stories",not_delivering,ad,W_30-50_EN_Feed_NOV8_Sacramento_8PM_6-28-25,0,"7-day click or 1-day view",0,1,1,1,0,,,Reach,1,0,,2025-04-01,2025-09-17
US-Sacramento-Traffic-NOV2025-Target,Targeted,"T-video - Piss Guy","Facebook Notifications",not_delivering,ad,Targeted,0,"7-day click or 1-day view",0,1,1,1,0,,,"Landing page views",,,,2025-04-01,2025-09-17
